OSrXXb,rllt__details,rllt__details 2,rllt__details 3,rllt__details 4,BI0Dve,if66xd,BI0Dve 2,if66xd 2,BI0Dve 3,yYlJEf href,QuU3Wb,yYlJEf href 2
"Lenskart.com Flagship Store at Banashankari, Bengaluru (First Lens Replacement Free)",Optician,"Bengaluru, Karnataka · 074288 91328",· Closes 10 pm,Open,In-store shopping,·,In-store pick-up,·,Delivery,https://www.lenskart.com/stores/optometrist-sunglasses-Banashankari-Bangalore-61046/Home,Website,"https://www.google.com/maps/dir//Lenskart.com+Flagship+Store+at+Banashankari,+Bengaluru+(First+Lens+Replacement+Free),+Shop+No+214,+15th+Main,+24th+Cross+Rd,+near+BDA+Complex,+Banashankari+Stage+II,+Bengaluru,+Karnataka+560070/data=!4m6!4m5!1m1!4e2!1m2!1m1!1s0x3bae15cf046ec945:0xd5ccb8803a0c5038?sa=X&ved=1t:57443&ictx=111"
"Lenskart.com Flagship Store at Kathriguppe, Bengaluru (First Lens Replacement Free)",Optician,"Bengaluru, Karnataka · 084477 25949",· Closes 10 pm,Open,In-store shopping,·,In-store pick-up,·,Delivery,https://www.lenskart.com/stores/lenskart-com-Kathreguppe-Banashankari-Bengaluru-197749/Home,Website,"https://www.google.com/maps/dir//Lenskart.com+Flagship+Store+at+Kathriguppe,+Bengaluru+(First+Lens+Replacement+Free),+6th+Block,+3rd+Phase,+4,+80+Feet+Road+,+near+Big+Bazaar,+3rd+Phase,+Kathreguppe,+Banashankari,+Bengaluru,+Karnataka+560085/data=!4m6!4m5!1m1!4e2!1m2!1m1!1s0x3bae3f36123f47af:0xb8c3cf3b54fae2a3?sa=X&ved=1t:57443&ictx=111"
"Lenskart.com Flagship Store at RR Nagar, Bengaluru (First Lens Replacement Free)",Optician,"Bengaluru, Karnataka · 074288 91230",· Closes 10 pm,Open,In-store shopping,·,In-store pick-up,·,Delivery,https://www.lenskart.com/stores/optometrist-sunglasses-Rajarajeshwari-Nagar-Bangalore-60968/Home,Website,"https://www.google.com/maps/dir//Lenskart.com+Flagship+Store+at+RR+Nagar,+Bengaluru+(First+Lens+Replacement+Free),+Shop+No+826,+Paramount+Building,+Gokhale+Rd,+opposite+Dr+Ambedkar+Park,+Rajarajeshwari+Nagar,+Bengaluru,+Karnataka+560098/data=!4m6!4m5!1m1!4e2!1m2!1m1!1s0x3bae3e54c7f1f859:0xf47e0a094b82b1b3?sa=X&ved=1t:57443&ictx=111"
Lenskart.com at Gandhi Bazaar Basavanagudi (First Lens Replacement Free),Optician,"Bengaluru, Karnataka · 074288 90150",· Closes 10 pm,Open,In-store shopping,,,,,https://www.lenskart.com/stores/optometrist-sunglasses-Basavanagudi-Bangalore-61144/Home,Website,"https://www.google.com/maps/dir//Shop+No+85%2F4,+Lenskart.com+at+Gandhi+Bazaar+Basavanagudi+(First+Lens+Replacement+Free),+Vaibhav+Apartments,+Ramakrishna+Ashrama+Cir,+Gandhi+Bazaar,+Basavanagudi,+Bengaluru,+Karnataka+560004/data=!4m6!4m5!1m1!4e2!1m2!1m1!1s0x3bae1592ebdf69e7:0x8a55508e73e46087?sa=X&ved=1t:57443&ictx=111"
"Lenskart.com at NR Colony, Basavanagudi, Bengaluru (First Lens Replacement Free)",Optician,"Bengaluru, Karnataka · 080 6235 8445",· Closes 10 pm,Open,In-store shopping,·,In-store pick-up,·,Delivery,https://stores.lenskart.com/lenskart-com-nr-colony-28-bengaluru-Basavanagudi-bengaluru-371246/Home#book,Website,"https://www.google.com/maps/dir//Ward+No+154,+Lenskart.com+at+NR+Colony,+Basavanagudi,+Bengaluru+(First+Lens+Replacement+Free),+Property+No+36%2F3,+36,+Subbarama+Chetty+Rd,+NR+Colony,+Basavanagudi,+Bengaluru,+Karnataka+560004/data=!4m6!4m5!1m1!4e2!1m2!1m1!1s0x3bae15a826f6a725:0x535d5422d94feef1?sa=X&ved=1t:57443&ictx=111"
"Lenskart.com at Hanumantha Nagar, Bengaluru (First Lens Replacement Free)",Optician,"Bengaluru, Karnataka · 088260 01609",· Closes 10 pm,Open,In-store shopping,·,In-store pick-up,·,Delivery,https://www.lenskart.com/stores/lenskart-com-Hanumantha-Nagar-Avalahalli-Bengaluru-561229/Home,Website,"https://www.google.com/maps/dir//9,+Lenskart.com+at+Hanumantha+Nagar,+Bengaluru+(First+Lens+Replacement+Free),+13,+50+Feet+Main+Rd,+Giri+Nagar,+Avalahalli,+Muneshwara+Block,+Banashankari,+Bengaluru,+Karnataka+560085/data=!4m6!4m5!1m1!4e2!1m2!1m1!1s0x3bae3fb455f44ebf:0x14d214ee7f00ae94?sa=X&ved=1t:57443&ictx=111"
"Lenskart.com at JP Nagar 24th Main Road, Bengaluru (First Lens Replacement Free)",Optician,"Bengaluru, Karnataka · 099536 68647",· Closes 10 pm,Open,In-store shopping,·,In-store pick-up,·,Delivery,https://stores.lenskart.com/lenskart-com-jp-nagar-JP-Nagar-bengaluru-309900/Home#book,Website,"https://www.google.com/maps/dir//Lenskart.com+at+JP+Nagar+24th+Main+Road,+Bengaluru+(First+Lens+Replacement+Free),+24th+Main+Rd,+R.K+Colony,+Manjunath+Colony,+2nd+Phase,+J.+P.+Nagar,+Bengaluru,+Karnataka+560041/data=!4m6!4m5!1m1!4e2!1m2!1m1!1s0x3bae15d500255c93:0xb13e0f7344bea72b?sa=X&ved=1t:57443&ictx=111"
Lenskart.com Flagship Store at Jayanagar (Harry Potter Collection Available Here) (First Lens Replacement Free),Optician,"Bengaluru, Karnataka · 098112 71534",· Closes 9:30 pm,Open,In-store shopping,·,In-store pick-up,·,Delivery,https://www.lenskart.com/stores/lenskart-com-Jaya-Nagar-East-East-Jayanagar-Bengaluru-168974/Home,Website,"https://www.google.com/maps/dir//First+Floor,+Lenskart.com+Flagship+Store+at+Jayanagar+(Harry+Potter+Collection+Available+Here)+(First+Lens+Replacement+Free),+Manandi+Arch,+No+242%2F29,+9th+Main+Rd,+Jayanagar+3rd+Block+East,+Jayanagar,+Bengaluru,+Karnataka+560011/data=!4m6!4m5!1m1!4e2!1m2!1m1!1s0x3bae15a6f46cb92d:0xa032d644f5f943ae?sa=X&ved=1t:57443&ictx=111"
"Lenskart.com at Banashankari, Bengaluru (First Lens Replacement Free)",Optician,"Bengaluru, Karnataka · 095822 71439",· Closes 10 pm,Open,In-store shopping,·,In-store pick-up,·,Delivery,https://stores.lenskart.com/lenskart-com-Banashakari-Banashankari-Bengaluru-206683/Home#book,Website,"https://www.google.com/maps/dir//Lenskart.com+at+Banashankari,+Bengaluru+(First+Lens+Replacement+Free),+399,+24th+Cross+Rd,+Siddanna+Layout,+Banashankari+Stage+II,+Banashankari,+Bengaluru,+Karnataka+560070/data=!4m6!4m5!1m1!4e2!1m2!1m1!1s0x3bae150e54515cbf:0xc844632d13ed424a?sa=X&ved=1t:57443&ictx=111"
Lenskart.com at Kanakapura Road (First Lens Replacement Free),Optician,"Bengaluru, Karnataka · 085889 11381",· Closes 10 pm,Open,In-store shopping,·,In-store pick-up,·,Delivery,https://www.lenskart.com/stores/lenskart-com-kanakapura-road-optometrists-kanakpura-road-bengaluru-67073/Home,Website,"https://www.google.com/maps/dir//Lenskart.com+at+Kanakapura+Road+(First+Lens+Replacement+Free),+Metro+Station,+Shop+No+25%2F6%2F26%2F27%2F61,+Ground+Floor+Yelenchenahalli,+Kanakapura+Main+Rd,+near+Yelenchanahalli,+Bengaluru,+Karnataka+560111/data=!4m6!4m5!1m1!4e2!1m2!1m1!1s0x3bae1555e49f8911:0xc90e06a52e3bc2b?sa=X&ved=1t:57443&ictx=111"
Lenskart.com Flagship Store at Koramangala (First Lens Replacement Free),Optician,"Bengaluru, Karnataka · 081303 84141",· Closes 10 pm,Open,In-store shopping,·,In-store pick-up,·,Delivery,https://www.lenskart.com/stores/lenskart-com-koramangala-flagship-optometrists-koramangala-bengaluru-76365/Home,Website,"https://www.google.com/maps/dir//Ground+Floor,+Lenskart.com+Flagship+Store+at+Koramangala+(First+Lens+Replacement+Free),+116,+80+Feet+Rd,+opposite+Hangover+Brewery,+KHB+Colony,+7th+Block,+Koramangala,+Bengaluru,+Karnataka+560034/data=!4m6!4m5!1m1!4e2!1m2!1m1!1s0x3bae15b474956a3b:0x13b8f5fbcbfda412?sa=X&ved=1t:57443&ictx=111"
Lenskart.com Flagship Store at Chandra Layout (First Lens Replacement Free),Optician,"Bengaluru, Karnataka · 096433 21229",· Closes 10 pm,Open,In-store shopping,·,In-store pick-up,·,Delivery,https://www.lenskart.com/stores/optometrist-sunglasses-Chandra-Layout-Bangalore-60966/Home,Website,"https://www.google.com/maps/dir//Shop+No,+Lenskart.com+Flagship+Store+at+Chandra+Layout+(First+Lens+Replacement+Free),+106,+1st+Main+Rd,+opposite+Polar+Bear,+Chandra+Layout,+Bengaluru,+Karnataka+560040/data=!4m6!4m5!1m1!4e2!1m2!1m1!1s0x3bae3e76e1f0fe41:0xb87e45c9d437d4c5?sa=X&ved=1t:57443&ictx=111"
"Lenskart.com at Chansandra, Bengaluru (First Lens Replacement Free)",Optician,"Bengaluru, Karnataka · 093193 63820",· Closes 9:30 pm,Open,In-store shopping,·,In-store pick-up,·,Delivery,https://www.lenskart.com/stores/lenskart-com-Chansandra-Chansandra-Bengaluru-409995/Home,Website,"https://www.google.com/maps/dir//Lenskart.com+at+Chansandra,+Bengaluru+(First+Lens+Replacement+Free),+%23943,+Dr.Vishnuvardhan+Rd,+near+by+RNSIT+Engineering+College,+Dwarakanagar,+Channasandra,+Rajarajeshwari+Nagar,+Bengaluru,+Karnataka+560098/data=!4m6!4m5!1m1!4e2!1m2!1m1!1s0x3bae3f84f5f789e5:0x570fc3370823d154?sa=X&ved=1t:57443&ictx=111"
"Lenskart.com Flagship Store at 100 Feet Road, Indiranagar, Bengaluru (First Lens Replacement Free)",Optician,"Bengaluru, Karnataka · 098211 41600",· Closes 10 pm,Open,In-store shopping,·,In-store pick-up,·,Delivery,https://www.lenskart.com/stores/lenskart-com-Flagship-Store-at-Indiranagar-100-Ft-Road-Indiranagar-100Ft-Road-Bengaluru-142531/Home,Website,"https://www.google.com/maps/dir//2003%2F1-1,+Lenskart.com+Flagship+Store+at+100+Feet+Road,+Indiranagar,+Bengaluru+(First+Lens+Replacement+Free),+Arihant+Building,+100+Feet+Rd,+Second+Stage,+Indiranagar,+Bengaluru,+Karnataka+560008/data=!4m6!4m5!1m1!4e2!1m2!1m1!1s0x3bae1790447c3081:0xda8ede582a36794?sa=X&ved=1t:57443&ictx=111"
"Lenskart.com Flagship Store at Raghuvanahalli, Kanakapura Main Road (First Lens Replacement Free)",Optician,"Bengaluru, Karnataka · 096437 07383",· Closes 9:30 pm,Open,In-store shopping,·,In-store pick-up,·,Delivery,https://www.lenskart.com/stores/lenskart-com-Kanakapura-Raghuvanahalli-Bengaluru-77623/Home,Website,"https://www.google.com/maps/dir//Metro+Pillar+No+217,+Lenskart.com+Flagship+Store+at+Raghuvanahalli,+Kanakapura+Main+Road+(First+Lens+Replacement+Free),+J+R+Plaza+%236,+Kanakapura+Main+Rd,+near+Karnataka+Bank,+Raghuvanahalli,+Bangalore+City+Municipal+Corporation+Layout,+Bengaluru,+Karnataka+560109/data=!4m6!4m5!1m1!4e2!1m2!1m1!1s0x3bae3fb681f05861:0x31fa6cfa04ace8a8?sa=X&ved=1t:57443&ictx=111"
"Lenskart.com Flagship Store at Nagarbhavi, Bengaluru (First Lens Replacement Free)",Optician,"Bengaluru, Karnataka · 074288 91106",· Closes 10 pm,Open,In-store shopping,·,In-store pick-up,·,Delivery,https://www.lenskart.com/stores/optometrist-sunglasses-Nagarbhavi-Circle-Bangalore-60853/Home,Website,"https://www.google.com/maps/dir//Shop+No+1441%2F1309,+Lenskart.com+Flagship+Store+at+Nagarbhavi,+Bengaluru+(First+Lens+Replacement+Free),+Rajanna+Complex,+Jnanabharathi+Main+Road,+Jyothi+Nagar,+Circle,+Naagarabhaavi,+Bengaluru,+Karnataka+560072/data=!4m6!4m5!1m1!4e2!1m2!1m1!1s0x3bae3e7e87d98a2d:0x57959b100d0b8d5d?sa=X&ved=1t:57443&ictx=111"
"Lenskart.com at Lulu Global Mall, Rajajinagar (First Lens Replacement Free)",Optician,"Bengaluru, Karnataka · 084478 21159",· Closes 10 pm,Open,In-store shopping,·,In-store pick-up,·,Delivery,https://stores.lenskart.com/lenskart-com-Lulu%20Global-Mall-Rajajinagar-Bengaluru-889342/Home#book,Website,"https://www.google.com/maps/dir//Lenskart.com+at+Lulu+Global+Mall,+Rajajinagar+(First+Lens+Replacement+Free),+Lulu+Global+Mall,+Minerva+Mills+Compound,+opposite+Sujata+Theatre,+Rajajinagar,+Bengaluru,+Karnataka+560023/data=!4m6!4m5!1m1!4e2!1m2!1m1!1s0x3bae173f01dba4d5:0x607cdf3e93d97e71?sa=X&ved=1t:57443&ictx=111"
"Lenskart.com at JP Nagar, 7th Phase, Karnataka (First Lens Replacement Free)",Optician,"Bengaluru, Karnataka · 074288 91314",· Closes 10 pm,Open,In-store shopping,·,In-store pick-up,·,Delivery,https://www.lenskart.com/stores/optometrist-sunglasses-Gaurav-Nagar-Bangalore-61037/Home,Website,"https://www.google.com/maps/dir//Lenskart.com+at+JP+Nagar,+7th+Phase,+Karnataka+(First+Lens+Replacement+Free),+Karnataka+Bank,+Shop+No+17,+RBI+Layout,+10th+A+East+Cross+Rd,+JP+Nagar+7th+Phase,+Bengaluru,+Karnataka+560078/data=!4m6!4m5!1m1!4e2!1m2!1m1!1s0x3bae155c339f715f:0x71c14035259641f4?sa=X&ved=1t:57443&ictx=111"
"Lenskart.com Flagship Store at Forum South, Bengaluru (First Lens Replacement Free)",Optician,"Bengaluru, Karnataka · 084477 31148",· Closes 10 pm,Open,In-store shopping,·,In-store pick-up,·,Delivery,https://www.lenskart.com/stores/lenskart-com-Prestige-Falcon-City-Mall-Konanakunte-Bengaluru-277244/Home,Website,"https://www.google.com/maps/dir//Lenskart.com+Flagship+Store+at+Forum+South,+Bengaluru+(First+Lens+Replacement+Free),+Metro,+Falcon+City+Mall,+Kanakapura+Main+Rd,+next+to+Konanakunte+Cross+Road,+Anjanadri+Layout,+Konanakunte,+Bengaluru,+Karnataka+560062/data=!4m6!4m5!1m1!4e2!1m2!1m1!1s0x3bae15637795f387:0xeb60542b655cb5d0?sa=X&ved=1t:57443&ictx=111"
Lenskart.com at Kengeri Satellite Town (First Lens Replacement Free),Optician,"Bengaluru, Karnataka · 074288 91103",· Closes 9:30 pm,Open,In-store shopping,·,In-store pick-up,·,Delivery,https://www.lenskart.com/stores/optometrist-sunglasses-Kengeri-Satellite-Bangalore-Rural-60850/Home,Website,"https://www.google.com/maps/dir//Shop+No,+Lenskart.com+at+Kengeri+Satellite+Town+(First+Lens+Replacement+Free),+Hoysala+Circle,+1443,+1st+Main+Rd,+Kengeri+Satellite+Town,+Bengaluru,+Karnataka+560060/data=!4m6!4m5!1m1!4e2!1m2!1m1!1s0x3bae0dfeba486b71:0x9753ff8bc257872f?sa=X&ved=1t:57443&ictx=111"
"Lenskart.com at Rajaji Nagar, 19th Main Road, Bengaluru (First Lens Replacement Free)",Optician,"Bengaluru, Karnataka · 070650 38241",· Closes 10 pm,Open,In-store shopping,·,In-store pick-up,·,Delivery,https://www.lenskart.com/stores/lenskart-com-Rajaji-Nagar-19th-Main-Road-Rajaji-Nagar-Bengaluru-707784/Home,Website,"https://www.google.com/maps/dir//Ground+Floor+No+50,+Lenskart.com+at+Rajaji+Nagar,+19th+Main+Road,+Bengaluru+(First+Lens+Replacement+Free),+2,+19th+Main+Rd,+1st+Block,+Rajajinagar,+Bengaluru,+Karnataka+560010/data=!4m6!4m5!1m1!4e2!1m2!1m1!1s0x3bae3d5693bb4f71:0x2ff1d15a8274fa98?sa=X&ved=1t:57443&ictx=111"
"Lenskart.com at Sector 11, New Thippasandra (First Lens Replacement Free)",Optician,"Bengaluru, Karnataka · 074288 91137",· Closes 9:30 pm,Open,In-store shopping,·,In-store pick-up,·,Delivery,https://www.lenskart.com/stores/optometrist-sunglasses-New-Tippasandra-Sector-11-Bangalore-60884/Home,Website,"https://www.google.com/maps/dir//Lenskart.com+at+Sector+11,+New+Thippasandra+(First+Lens+Replacement+Free),+Shop+No+L+12,+LIC+Colony,+Sector+11+Jeevan+Beema+Nagar,+opposite+NAL+Colony,+New+Tippasandra,+Bengaluru,+Karnataka+560075/data=!4m6!4m5!1m1!4e2!1m2!1m1!1s0x3bae1400692eb725:0xb5253fe8ae06f48a?sa=X&ved=1t:57443&ictx=111"
Lenskart.com Flagship Store at Electronic City (First Lens Replacement Free),Optician,"Bengaluru, Karnataka · 074288 91348",· Closes 10 pm,Open,In-store shopping,·,In-store pick-up,·,Delivery,https://www.lenskart.com/stores/lenskart-com-electronic-city-optometrists-electronic-city-phase-1-bengaluru-66294/Home,Website,"https://www.google.com/maps/dir//Lenskart.com+Flagship+Store+at+Electronic+City+(First+Lens+Replacement+Free),+SNN+Raj+Neeladri+Bettadasanapura,+near+Neeladri+Nagar,+Electronic+City,+Bengaluru,+Karnataka+560100/data=!4m6!4m5!1m1!4e2!1m2!1m1!1s0x3bae6b16eba3bb9b:0x307436580e3e3ca5?sa=X&ved=1t:57443&ictx=111"
"Lenskart.com at Nagarbhavi 80ft Road, Bengaluru (First Lens Replacement Free)",Optician,"Bengaluru, Karnataka · 084478 47395",· Closes 9:30 pm,Open,In-store shopping,·,In-store pick-up,·,Delivery,https://www.lenskart.com/stores/lenskart-com-Nagarbhavi-80ft-Road-Nagarbhavi-Bengaluru-286809/Home,Website,"https://www.google.com/maps/dir//Ground+Floor+Plot+No+348,+Lenskart.com+at+Nagarbhavi+80ft+Road,+Bengaluru+(First+Lens+Replacement+Free),+689,+80+Feet+Main+Rd,+Vinayaka+Layout,+Naagarabhaavi,+Bengaluru,+Karnataka+560072/data=!4m6!4m5!1m1!4e2!1m2!1m1!1s0x3bae3f414c796a1b:0xaac39b3bc770db71?sa=X&ved=1t:57443&ictx=111"
"Lenskart.com Flagship Store at RT Nagar, Bengaluru (First Lens Replacement Free)",Optician,"Bengaluru, Karnataka · 078381 95385",· Closes 9:30 pm,Open,In-store shopping,·,In-store pick-up,·,Delivery,https://www.lenskart.com/stores/lenskart-com-RT-Nagar-RT-Nagar-Bengaluru-460847/Home,Website,"https://www.google.com/maps/dir//Lenskart.com+Flagship+Store+at+RT+Nagar,+Bengaluru+(First+Lens+Replacement+Free),+Ground+Floor,+No+5%2F3,+1st+Main,+2nd+cross+RT+Nagar+Post,+Opposite+to+India+Oil+Pump,+near+RT+Post+Office,+Bengaluru,+Karnataka+560032/data=!4m6!4m5!1m1!4e2!1m2!1m1!1s0x3bae17b0e192916b:0x6d1cef6d55bb5d90?sa=X&ved=1t:57443&ictx=111"
"Lenskart.com at Indiranagar, Bengaluru (First Lens Replacement Free)",Optician,"Bengaluru, Karnataka · 074288 91266",· Closes 9:30 pm,Open,In-store shopping,·,In-store pick-up,·,Delivery,https://www.lenskart.com/stores/optometrist-sunglasses-Indiranagar-Bangalore-60999/Home,Website,"https://www.google.com/maps/dir//Lenskart.com+at+Indiranagar,+Bengaluru+(First+Lens+Replacement+Free),+Shop+No+483,+Signature+Square,+100+Feet+Rd,+near+Pizza+Hut,+Indiranagar,+Bengaluru,+Karnataka+560038/data=!4m6!4m5!1m1!4e2!1m2!1m1!1s0x3bae172d2a2b84bb:0x437c7db1f197a7d5?sa=X&ved=1t:57443&ictx=111"
"Lenskart.com at Vijayanagar, RPC Layout (First Lens Replacement Free)",Optician,"Bengaluru, Karnataka · 087438 27926",· Closes 10 pm,Open,In-store shopping,·,In-store pick-up,·,Delivery,https://stores.lenskart.com/lenskart-com-vijayanagar-rpc-layout-Vijay-Nagar-bengaluru-360374/Home#book,Website,"https://www.google.com/maps/dir//Lenskart.com+at+Vijayanagar,+RPC+Layout+(First+Lens+Replacement+Free),+SMS+Arcade+Building,+2373%2FB,+Dub+Road,+Vijayanagar,+Bengaluru,+Karnataka+560040/data=!4m6!4m5!1m1!4e2!1m2!1m1!1s0x3bae3fcc719b28cb:0x87d2b0de9656ba3e?sa=X&ved=1t:57443&ictx=111"
"Lenskart.com at Orion Mall, Malleshwaram West (First Lens Replacement Free)",Optician,"Bengaluru, Karnataka · 074288 91251",· Closes 10 pm,Open,In-store shopping,·,In-store pick-up,·,Delivery,https://www.lenskart.com/stores/optometrist-sunglasses-Malleshwaram-West-Bangalore-60984/Home,Website,"https://www.google.com/maps/dir//Shop+No+106,+2nd+Floor,+Lenskart.com+at+Orion+Mall,+Malleshwaram+West+(First+Lens+Replacement+Free),+Gateway,+Orion+Mall,+BRIGADE+GATEWAY,+Malleshwaram,+Bengaluru,+Karnataka+560055/data=!4m6!4m5!1m1!4e2!1m2!1m1!1s0x3bae3d78a1922335:0x9d9e59bf8fbea7ca?sa=X&ved=1t:57443&ictx=111"
Lenskart.com Flagship Store at HSR Layout (First Lens Replacement Free),Optician,"Bengaluru, Karnataka · 074288 91293",· Closes 10 pm,Open,In-store shopping,·,In-store pick-up,·,Delivery,https://www.lenskart.com/stores/optometrist-sunglasses-Sector-7-Bangalore-61020/Home,Website,"https://www.google.com/maps/dir//Lenskart.com+Flagship+Store+at+HSR+Layout+(First+Lens+Replacement+Free),+Shop+No+16,+17th+Cross+Road,+9th+Main+Rd,+behind+BDA+Complex,+7th+Sector,+HSR+Layout,+Bengaluru,+Karnataka+560102/data=!4m6!4m5!1m1!4e2!1m2!1m1!1s0x3bae1540ea0048fb:0x198c9764b173985c?sa=X&ved=1t:57443&ictx=111"
"Lenskart.com at 24th Main HSR Layout, Bengaluru (First Lens Replacement Free)",Optician,"Bengaluru, Karnataka · 098119 21498",· Closes 10 pm,Open,In-store shopping,·,In-store pick-up,·,Delivery,https://www.lenskart.com/stores/lenskart-com-HSR-Layout-24th-Main-HSR-Layout-Bengaluru-357997/Home,Website,"https://www.google.com/maps/dir//Ground+Floor+D,+Lenskart.com+at+24th+Main+HSR+Layout,+Bengaluru+(First+Lens+Replacement+Free),+1312,+24th+Main+Rd,+2nd+Sector,+HSR+Layout,+Bengaluru,+Karnataka+560102/data=!4m6!4m5!1m1!4e2!1m2!1m1!1s0x3bae15f21ffa5b45:0x5fd1514629aa81a?sa=X&ved=1t:57443&ictx=111"
"Lenskart.com Flagship Store at Whitefield, Bengaluru (First Lens Replacement Free)",Optician,"Bengaluru, Karnataka · 074288 91084",· Closes 10 pm,Open,In-store shopping,·,In-store pick-up,·,Delivery,https://www.lenskart.com/stores/optometrist-sunglasses-Whitefield-Bangalore-61085/Home,Website,"https://www.google.com/maps/dir//Lenskart.com+Flagship+Store+at+Whitefield,+Bengaluru+(First+Lens+Replacement+Free),+68%2F62,+Labh,+Rustumji+Villa+Rd,+near+CSI+Memorial+Church,+Whitefield,+Bengaluru,+Karnataka+560066/data=!4m6!4m5!1m1!4e2!1m2!1m1!1s0x3bae0dfebb0a8a5b:0x25aef9d3c467fb7b?sa=X&ved=1t:57443&ictx=111"
Lenskart.com at Electronic City Phase 2 (First Lens Replacement Free),Optician,"Bengaluru, Karnataka · 095823 81413",· Closes 10 pm,Open,In-store shopping,·,In-store pick-up,·,Delivery,https://www.lenskart.com/stores/lenskart-com-anathanagar-optometrists-electronic-city-phase-2-bengaluru-74431/Home,Website,"https://www.google.com/maps/dir//Lenskart.com+at+Electronic+City+Phase+2+(First+Lens+Replacement+Free),+1138,+Ground+Floor,+6th+Cross+Road,+8th+B+Main+Rd,+near+ASHIRWADH+CLASSIC,+Phase+II,+Apartment,+Bengaluru,+Karnataka+560100/data=!4m6!4m5!1m1!4e2!1m2!1m1!1s0x3bae6d2e8f148643:0x6e6f0703955defaa?sa=X&ved=1t:57443&ictx=111"
Lenskart.com Flagship Store at CMH Road Indiranagar (First Lens Replacement Free),Optician,"Bengaluru, Karnataka · 095826 11487",· Closes 10 pm,Open,In-store shopping,·,In-store pick-up,·,Delivery,https://www.lenskart.com/stores/lenskart-com-CMH-Road-Indira-Nagar-1st-Stage-Bengaluru-316033/Home,Website,"https://www.google.com/maps/dir//Ground+Floor,+Lenskart.com+Flagship+Store+at+CMH+Road+Indiranagar+(First+Lens+Replacement+Free),+Kheny+Plaza,+No+505,+Chinmaya+Mission+Hospital+Rd,+Indira+Nagar+1st+Stage,+Bengaluru,+Karnataka+560038/data=!4m6!4m5!1m1!4e2!1m2!1m1!1s0x3bae3d6de88a8e83:0xc5f94986f4cc31e4?sa=X&ved=1t:57443&ictx=111"
Lenskart.com Flagship Store at Marathahalli (First Lens Replacement Free),Optician,"Bengaluru, Karnataka · 074288 90133",· Closes 10 pm,Open,In-store shopping,·,In-store pick-up,·,Delivery,https://www.lenskart.com/stores/optometrist-sunglasses-Marathahalli-Bangalore-61129/Home,Website,"https://www.google.com/maps/dir//G3%2FG4,+Lenskart.com+Flagship+Store+at+Marathahalli+(First+Lens+Replacement+Free),+Sigma+Arcade,+near+Tulsi+Theater+Road,+Marathahalli,+Bengaluru,+Karnataka+560037/data=!4m6!4m5!1m1!4e2!1m2!1m1!1s0x3bae13ccc12142cb:0x7c201d55128cd362?sa=X&ved=1t:57443&ictx=111"
"Lenskart.com at Magadi Main Road, Bengaluru (First Lens Replacement Free)",Optician,"Bengaluru, Karnataka · 098739 06797",· Closes 9:30 pm,Open,In-store shopping,·,In-store pick-up,·,Delivery,https://www.lenskart.com/stores/lenskart-com-magadi-road-Rajajinagar-bengaluru-542343/Home,Website,"https://www.google.com/maps/dir//Lenskart.com+at+Magadi+Main+Road,+Bengaluru+(First+Lens+Replacement+Free),+92,+Magadi+Main+Rd,+opposite+Shell+Fuel+Station,+Govindaraja+Nagar+Ward,+Vijayanagar,+Bengaluru,+Karnataka+560079/data=!4m6!4m5!1m1!4e2!1m2!1m1!1s0x3bae3da8343ce99f:0x7e77b5f12254ad59?sa=X&ved=1t:57443&ictx=111"
Lenskart.com at Garuda Mall (First Lens Replacement Free),Optician,"Bengaluru, Karnataka · 095828 91429",· Closes 9:30 pm,Open,In-store shopping,·,In-store pick-up,·,Delivery,https://www.lenskart.com/stores/lenskart-com-garuda-mall-optometrists-ashok-nagar-bengaluru-78162/Home,Website,"https://www.google.com/maps/dir//Unit+No+106,+1st+Floor,+Lenskart.com+at+Garuda+Mall+(First+Lens+Replacement+Free),+Garuda+Mall,+Magrath+Rd,+Ashok+Nagar,+Bengaluru,+Karnataka+560025/data=!4m6!4m5!1m1!4e2!1m2!1m1!1s0x3bae172d0bcd3167:0x40342a80ecf3127a?sa=X&ved=1t:57443&ictx=111"
"Lenskart.com at Bashyam Circle, Rajaji Nagar, Bengaluru (First Lens Replacement Free)",Optician,"Bengaluru, Karnataka · 074288 91138",· Closes 9:30 pm,Open,In-store shopping,·,In-store pick-up,·,Delivery,https://www.lenskart.com/stores/optometrist-sunglasses-Rajajinagar-Bangalore-60885/Home,Website,"https://www.google.com/maps/dir//Ground+Floor,+Lenskart.com+at+Bashyam+Circle,+Rajaji+Nagar,+Bengaluru+(First+Lens+Replacement+Free),+bashyam+circle,+179%2FY,+12th+Main+Rd,+opposite+to+Ashirwad+Supermarket,+3rd+Block,+Rajajinagar,+Bengaluru,+Karnataka+560010/data=!4m6!4m5!1m1!4e2!1m2!1m1!1s0x3bae3df3a67953fb:0xdd745723206a6549?sa=X&ved=1t:57443&ictx=111"
"Lenskart.com at Begur Main Road, Bengaluru (First Lens Replacement Free)",Optician,"Bengaluru, Karnataka · 085879 08948",· Closes 9:30 pm,Open,In-store shopping,·,In-store pick-up,·,Delivery,https://www.lenskart.com/stores/lenskart-com-Begur-Main-Raod-Hongasandra-Bengaluru-528144/Home,Website,"https://www.google.com/maps/dir//Lenskart.com+at+Begur+Main+Road,+Bengaluru+(First+Lens+Replacement+Free),+149,+Begur+Rd,+Hongasandra,+Bengaluru,+Karnataka+560068/data=!4m6!4m5!1m1!4e2!1m2!1m1!1s0x3bae15bcb0e9cc19:0xcb4c98367ec9feef?sa=X&ved=1t:57443&ictx=111"
Lens Hut,Optician,"Bengaluru, Karnataka · 095131 06789",· Closes 9:30 pm,Open,,,,,,https://lens-hut.in/,Website,"https://www.google.com/maps/dir//WH4R%2BCP+Lens+Hut,+SHOP+NO+300+,OUTER+RING+ROAD,+15th+Cross+Rd,+5th+Phase,+J.+P.+Nagar,+Bengaluru,+Karnataka+560078/data=!4m6!4m5!1m1!4e2!1m2!1m1!1s0x3bae1522dbd60f47:0x222deb6f2ea5bf68?sa=X&ved=1t:57443&ictx=111"
Lenskart.com at Royal Meenakshi Mall (First Lens Replacement Free),Optician,"Bengaluru, Karnataka · 074288 91286",· Closes 9 pm,Open,In-store shopping,·,In-store pick-up,·,Delivery,https://www.lenskart.com/stores/optometrist-sunglasses-Bannerghatta-Main-Road-Bangalore-61013/Home,Website,"https://www.google.com/maps/dir//Shop+No+S5,+Second+Floor,+Lenskart.com+at+Royal+Meenakshi+Mall+(First+Lens+Replacement+Free),+Royal+Meenakshi+Mall,+Bannerghatta+Rd,+Bengaluru,+Karnataka+560076/data=!4m6!4m5!1m1!4e2!1m2!1m1!1s0x3bae6b7a3744cf1f:0x7004b1d3222a7556?sa=X&ved=1t:57443&ictx=111"
"Lenskart.com at Konanakunte, Bangaluru (First Lens Replacement Free)",Optician,"Bengaluru, Karnataka · 089292 66341",· Closes 9:30 pm,Open,In-store shopping,·,In-store pick-up,·,Delivery,https://www.lenskart.com/stores/lenskart-com-Konanakunte-Konanakunte-Bengaluru-762497/Home,Website,"https://www.google.com/maps/dir//Lenskart.com+at+Konanakunte,+Bangaluru+(First+Lens+Replacement+Free),+Anjanapura+Main+Road,+Cross,+opposite+HDFC+Bank,+Konanakunte,+Bengaluru,+Karnataka+560062/data=!4m6!4m5!1m1!4e2!1m2!1m1!1s0x3bae15481a04e0e1:0x6c670a5d50b8ed95?sa=X&ved=1t:57443&ictx=111"
"Lenskart.com at Ganga Nagar, Hebbal (First Lens Replacement Free)",Optician,"Bengaluru, Karnataka · 096433 81477",· Closes 10 pm,Open,In-store shopping,·,In-store pick-up,·,Delivery,https://www.lenskart.com/stores/lenskart-com-Ganga-Nagar-Hebbal-Bengaluru-989268/Home,Website,"https://www.google.com/maps/dir//Lenskart.com+at+Ganga+Nagar,+Hebbal+(First+Lens+Replacement+Free),+Ground+Floor,+Ganga+Nagar,+CBI+Main+Rd,+opposite+Shrine+of+St.Jude+Thaddeus+Church,+HMT+Layout,+Hebbal,+Bengaluru,+Karnataka+560032/data=!4m6!4m5!1m1!4e2!1m2!1m1!1s0x3a525d84559a38c5:0xc0fc2bf799974bfc?sa=X&ved=1t:57443&ictx=111"
"Lenskart.com at Ullal Road, Bengaluru (First Lens Replacement Free)",Optician,"Bengaluru, Karnataka · 093193 69831",· Closes 9:30 pm,Open,In-store shopping,·,In-store pick-up,·,Delivery,https://www.lenskart.com/stores/lenskart-com-Ullal-Road-Ullal-Main-Road-Bangaluru-272973/Home,Website,"https://www.google.com/maps/dir//Lenskart.com+at+Ullal+Road,+Bengaluru+(First+Lens+Replacement+Free),+Anjanadri+Complex,+Govt+Press+Layout,+No+04,+Ullal+Main+Rd,+near+Brahmashree+Upahara,+Jnana+Ganga+Nagar,+Bengaluru,+Karnataka+560056/data=!4m6!4m5!1m1!4e2!1m2!1m1!1s0x3bae3f28749387af:0xfc26040262fef596?sa=X&ved=1t:57443&ictx=111"
"Lenskart.com at Annapurneshwari Nagar, Bengaluru (First Lens Replacement Free)",Optician,"Bengaluru, Karnataka · 089294 71398",· Closes 9:30 pm,Open,In-store shopping,·,In-store pick-up,·,Delivery,https://www.lenskart.com/stores/lenskart-com-Annapurneshwari-Nagar-Annapurneshwari-Nagar-Bengaluru-534787/Home,Website,"https://www.google.com/maps/dir//2nd+Block,+Lenskart.com+at+Annapurneshwari+Nagar,+Bengaluru+(First+Lens+Replacement+Free),+Huliyappa+Arcade,+22,+Nagarabhavi+2nd+Stage,+Annapurneshwari+Nagar,+Bengaluru,+Karnataka+560091/data=!4m6!4m5!1m1!4e2!1m2!1m1!1s0x3bae3d34d6b1d2d1:0xa23ccf1497829085?sa=X&ved=1t:57443&ictx=111"
"Lenskart.com at Phoenix Market City Mall, Mahadevapura (First Lens Replacement Free) (First Lens Replacement Free)",Optician,"Bengaluru, Karnataka · 074288 91060",· Closes 10 pm,Open,In-store shopping,·,In-store pick-up,·,Delivery,https://www.lenskart.com/stores/optometrist-sunglasses-Mahadevapura-Bangalore-61064/Home,Website,"https://www.google.com/maps/dir//Shop+No+F67,+1st+Floor,+Lenskart.com+at+Phoenix+Market+City+Mall,+Mahadevapura+(First+Lens+Replacement+Free)+(First+Lens+Replacement+Free),+Phoenix+Market+City,+City+Mall,+Mahadevapura,+Bengaluru,+Karnataka+560048/data=!4m6!4m5!1m1!4e2!1m2!1m1!1s0x3bae16e95f11b975:0x48ae54d38f6c3a91?sa=X&ved=1t:57443&ictx=111"
"Lenskart.com at Kengeri Satellite 2, Bengaluru (First Lens Replacement Free)",Optician,"Bengaluru, Karnataka · 099538 84917",· Closes 9:30 pm,Open,In-store shopping,·,In-store pick-up,·,Delivery,https://stores.lenskart.com/lenskart-com-kengeri-satellite-2-Railway-Station-Road-bengaluru-208574/Home#book,Website,"https://www.google.com/maps/dir//Lenskart.com+at+Kengeri+Satellite+2,+Bengaluru+(First+Lens+Replacement+Free),+Satellite+2,+1121,+1st+Main+Road,+Railways+Station+Rd,+beside+Sri+Krishna+Grand+Hotel,+Kengeri,+Bengaluru,+Karnataka+560060/data=!4m6!4m5!1m1!4e2!1m2!1m1!1s0x3bae3d025783e3cb:0xb152d46e00911383?sa=X&ved=1t:57443&ictx=111"
Lenskart.com at Gopalan Signature Mall (First Lens Replacement Free),Optician,"Bengaluru, Karnataka · 074288 91163",· Closes 9:30 pm,Open,In-store shopping,·,Delivery,,,https://www.lenskart.com/stores/optometrist-sunglasses-CV-Raman-Nagar-Bangalore-60910/Home,Website,"https://www.google.com/maps/dir//Lenskart.com+at+Gopalan+Signature+Mall+(First+Lens+Replacement+Free),+RMZ+Infinity,+Shop+No+6,+1st+Floor+Gopalan+Signature+Mall,+CV+Raman+Nagar,+Old+Madras+Rd,+Opposite,+Bengaluru,+Karnataka+560093/data=!4m6!4m5!1m1!4e2!1m2!1m1!1s0x3bae11362634483d:0xdc6a7e36e6ea8516?sa=X&ved=1t:57443&ictx=111"
"Lenskart.com at Nagadevanahalli, Bengaluru (First Lens Replacement Free)",Optician,"Bengaluru, Karnataka · 089292 75902",· Closes 9:30 pm,Open,In-store shopping,·,In-store pick-up,·,Delivery,https://www.lenskart.com/stores/lenskart-com-Nagadevanahalli-Nagadevanahalli-Bangaluru-943503/Home,Website,"https://www.google.com/maps/dir//Lenskart.com+at+Nagadevanahalli,+Bengaluru+(First+Lens+Replacement+Free),+No+7+%26+8,+100ft+Feet+Road,+Nagadevanahalli,+Kengeri,+Bengaluru,+Karnataka+560056/data=!4m6!4m5!1m1!4e2!1m2!1m1!1s0x3bae3f0491e99dd1:0xf91d8c40c1e0551a?sa=X&ved=1t:57443&ictx=111"
Lenskart.com at Konena Agrahara (First Lens Replacement Free),Optician,"Bengaluru, Karnataka · 074288 91134",· Closes 9:30 pm,Open,In-store shopping,·,In-store pick-up,·,Delivery,https://www.lenskart.com/stores/optometrist-sunglasses-Konena-Agrahara-Bangalore-60881/Home,Website,"https://www.google.com/maps/dir//Lenskart.com+at+Konena+Agrahara+(First+Lens+Replacement+Free),+Rajeshwari+Theatre,+AM+Plaza,+Shop+No+89%2F1,+Ground+Floor,+HAL+Old+Airport+Rd,+Konena+Agrahara,+Bengaluru,+Karnataka+560017/data=!4m6!4m5!1m1!4e2!1m2!1m1!1s0x3a27af0746917ccb:0xea02e20947e416cb?sa=X&ved=1t:57443&ictx=111"
"Lenskart.com at Basaveshwara Nagar, Bengaluru (First Lens Replacement Free)",Optician,"Bengaluru, Karnataka · 098739 50593",· Closes 9:30 pm,Open,,,,,,https://stores.lenskart.com/lenskart-com-basaweshwar-nagar-Basaweshwara-Nagar-bengaluru-683520/Home#book,Website,"https://www.google.com/maps/dir//Lenskart.com+at+Basaveshwara+Nagar,+Bengaluru+(First+Lens+Replacement+Free),+323,+Siddhaiah+Puranik+Rd,+3rd+Stage+4th+Block,+West+of+Chord+Road+3rd+Stage,+Basaveshwar+Nagar,+Bengaluru,+Karnataka+560079/data=!4m6!4m5!1m1!4e2!1m2!1m1!1s0x3bae3d5546abf0d5:0xd1d64cd5560b136e?sa=X&ved=1t:57443&ictx=111"
"Lenskart.com at New Bellandur, Bengaluru (First Lens Replacement Free)",Optician,"Bengaluru, Karnataka · 099711 01619",· Closes 9:30 pm,Open,In-store shopping,·,In-store pick-up,·,Delivery,https://www.lenskart.com/stores/lenskart-com-New-Bellandur-New-Bellandur-Bengaluru-743895/Home,Website,"https://www.google.com/maps/dir//Ground+Floor,+Lenskart.com+at+New+Bellandur,+Bengaluru+(First+Lens+Replacement+Free),+203%2F205,+New,+next+to+Reliance+Fresh,+Green+Glen+Layout,+Bellandur,+Bengaluru,+Karnataka+560103/data=!4m6!4m5!1m1!4e2!1m2!1m1!1s0x3bae13f1a0836573:0x7f87a209351aa9c1?sa=X&ved=1t:57443&ictx=111"
"Lenskart.com at Nexus Shantiniketan Mall, Bengaluru (First Lens Replacement Free)",Optician,"Bengaluru, Karnataka · 096439 91310",· Closes 10 pm,Open,In-store shopping,·,In-store pick-up,·,Delivery,https://www.lenskart.com/stores/optometrist-sunglasses-Hoodi-Bangalore-61033/Home,Website,"https://www.google.com/maps/dir//Shop+No+5,+Lower+Ground+Floor,+Lenskart.com+at+Nexus+Shantiniketan+Mall,+Bengaluru+(First+Lens+Replacement+Free),+Nexus+Shantiniketan+Mall,+ITPL+Main+Rd,+opposite+Manipal+Hospital,+Whitefield,+Bengaluru,+Karnataka+560048/data=!4m6!4m5!1m1!4e2!1m2!1m1!1s0x3bae11afd7e36f03:0xb716b8a88a980b2a?sa=X&ved=1t:57443&ictx=111"
"Lenskart.com at Bommanahalli, Bengaluru (First Lens Replacement Free)",Optician,"Bengaluru, Karnataka · 074288 91361",· Closes 10 pm,Open,In-store shopping,·,In-store pick-up,·,Delivery,https://www.lenskart.com/stores/lenskart-com-bommanahalli-optometrists-garebhavi-palya-bengaluru-66298/Home,Website,"https://www.google.com/maps/dir//Ground+Floor,+Lenskart.com+at+Bommanahalli,+Bengaluru+(First+Lens+Replacement+Free),+Katha+461,+Shop+No+3,+447%2F439,+Hosur+Rd,+near+Domino's+Pizza,+Garebhavipalya,+Bommanahalli,+Bengaluru,+Karnataka+560068/data=!4m6!4m5!1m1!4e2!1m2!1m1!1s0x3bae15e7107c82c5:0x8437ef945138f36f?sa=X&ved=1t:57443&ictx=111"
Lenskart.com at Marathahalli (First Lens Replacement Free),Optician,"Bengaluru, Karnataka · 099997 61456",· Closes 10 pm,Open,In-store shopping,·,In-store pick-up,·,Delivery,https://www.lenskart.com/stores/lenskart-com-Marathalli-Marathahalli-Bengaluru-12363/Home,Website,"https://www.google.com/maps/dir//Lenskart.com+at+Marathahalli+(First+Lens+Replacement+Free),+88,+Outer+Ring+Rd,+near+Flyover,+opposite+More+Megastore,+Kasavanahalli+Village,+Marathahalli,+Bengaluru,+Karnataka+560037/data=!4m6!4m5!1m1!4e2!1m2!1m1!1s0x3bae131305eb8be7:0xaf916b922aece2af?sa=X&ved=1t:57443&ictx=111"
Lenskart.com at New Bel Road (First Lens Replacement Free),Optician,"Bengaluru, Karnataka · 074288 90134",· Closes 10 pm,Open,In-store shopping,·,In-store pick-up,·,Delivery,https://www.lenskart.com/stores/optometrist-sunglasses-Chikkamaranahalli-Bangalore-61130/Home,Website,"https://www.google.com/maps/dir//Lenskart.com+at+New+Bel+Road+(First+Lens+Replacement+Free),+Shop+No+11,+Ground+Floor,2nd+Stage,+New+BEL+Rd,+near+Ramachandra+Convention+Hall,+Chikkamaranahalli,+Bengaluru,+Karnataka+560094/data=!4m6!4m5!1m1!4e2!1m2!1m1!1s0x3bae17e74c3e86e1:0x71ac0cf0830cb6c1?sa=X&ved=1t:57443&ictx=111"
Lenskart.com Flagship Store at Kammanahalli (First Lens Replacement Free),Optician,"Bengaluru, Karnataka · 074288 91338",· Closes 10 pm,Open,In-store shopping,·,In-store pick-up,·,Delivery,https://www.lenskart.com/stores/optometrist-sunglasses-Kamnahali-Bangalore-60837/Home,Website,"https://www.google.com/maps/dir//Lenskart.com+Flagship+Store+at+Kammanahalli+(First+Lens+Replacement+Free),+Ground+Floor,+4th+Cross,+2nd+Block,+VP+Plaza+Mall,+Kalyan+Nagar,+opposite+Shobha+central,+Kammanahalli,+Bengaluru,+Karnataka+560043/data=!4m6!4m5!1m1!4e2!1m2!1m1!1s0x3bae172a915a864b:0xdb7465d1cd7e52d0?sa=X&ved=1t:57443&ictx=111"
"Lenskart.com at Harlur Main Road, Bengaluru (First Lens Replacement Free)",Optician,"Bengaluru, Karnataka · 096545 31512",· Closes 9:30 pm,Open,In-store shopping,·,In-store pick-up,·,Delivery,https://www.lenskart.com/stores/lenskart-com-Harlur-Main-Road-Harlur-Main-Road-Bengaluru-141137/Home,Website,"https://www.google.com/maps/dir//2466%2F2310,+4,+4(b),+3(b),+G2,+Ground+Floor,+Lenskart.com+at+Harlur+Main+Road,+Bengaluru+(First+Lens+Replacement+Free),+Anjanadri+Sriharsh,+Haralur+Main+Rd,+Bengaluru,+Karnataka+560102/data=!4m6!4m5!1m1!4e2!1m2!1m1!1s0x3bae13959da83c1b:0xfda66b90df78df4f?sa=X&ved=1t:57443&ictx=111"
"Lenskart.com at Mallathalli, Bengaluru (First Lens Replacement Free)",Optician,"Bengaluru, Karnataka · 084479 30692",· Closes 9:30 pm,Open,In-store shopping,·,In-store pick-up,·,Delivery,https://www.lenskart.com/stores/lenskart-com-Mallathalli-Mallathalli-Bengaluru-826133/Home,Website,"https://www.google.com/maps/dir//No+5,+6,+Lenskart.com+at+Mallathalli,+Bengaluru+(First+Lens+Replacement+Free),+Muddinapalya+Main+Rd,+Gidada+Konnenahalli,+ITI+Layout,+Bengaluru,+Karnataka+560091/data=!4m6!4m5!1m1!4e2!1m2!1m1!1s0x3bae3d795064ae55:0xce26e3be525babfe?sa=X&ved=1t:57443&ictx=111"
Lenskart.com Flagship Store at Banasawadi (First Lens Replacement Free),Optician,"Bengaluru, Karnataka · 074288 91283",· Closes 10 pm,Open,In-store shopping,·,In-store pick-up,·,Delivery,https://www.lenskart.com/stores/optometrist-sunglasses-Banaswadi-Bangalore-61010/Home,Website,"https://www.google.com/maps/dir//Lenskart.com+Flagship+Store+at+Banasawadi+(First+Lens+Replacement+Free),+Shop+No+19B,+Ground+Floor,+Tamarind,+100+Feet+Rd,+opposite+Bata+Shoe+Store,+Banaswadi,+Bengaluru,+Karnataka+560043/data=!4m6!4m5!1m1!4e2!1m2!1m1!1s0x3bae17978e5ed975:0xae0e3c7381d23efd?sa=X&ved=1t:57443&ictx=111"
"Lenskart.com at Sultanpalya, Bengaluru (First Lens Replacement Free)",Optician,"Bengaluru, Karnataka · 089293 28753",· Closes 9:30 pm,Open,In-store shopping,·,In-store pick-up,·,Delivery,https://www.lenskart.com/stores/lenskart-com-Sultanpalya-RT-Nagar-Bengaluru-796628/Home,Website,"https://www.google.com/maps/dir//No+43,+Shop,+Lenskart.com+at+Sultanpalya,+Bengaluru+(First+Lens+Replacement+Free),+1%262,+7th+A+Cross+Rd,+near+Laxmi+Gold+Paradise,+RT+Nagar,+Bengaluru,+Karnataka+560032/data=!4m6!4m5!1m1!4e2!1m2!1m1!1s0x3bae170d64be8f8b:0x675e605a957efb5e?sa=X&ved=1t:57443&ictx=111"
"Lenskart.com at Malleshpalya, Bengaluru (First Lens Replacement Free)",Optician,"Bengaluru, Karnataka · 073031 61162",· Closes 9:30 pm,Open,In-store shopping,·,In-store pick-up,·,Delivery,https://www.lenskart.com/stores/lenskart-com-Malleshpalya-Malleshpalya-Bengaluru-929738/Home,Website,"https://www.google.com/maps/dir//Lenskart.com+at+Malleshpalya,+Bengaluru+(First+Lens+Replacement+Free),+38%2F1+9th+Main,+Malleshpalya+Main+Rd,+near+Nile+Institue+of+Languages+and+Education,+New+Thippasandra+Post,+Bengaluru,+Karnataka+560075/data=!4m6!4m5!1m1!4e2!1m2!1m1!1s0x3bae11af7d9db2d7:0x510d37f90ca8f5d2?sa=X&ved=1t:57443&ictx=111"
"Lenskart.com at Seegahalli Whitefield, Bengaluru (First Lens Replacement Free)",Optician,"Bengaluru, Karnataka · 089290 32767",· Closes 9:30 pm,Open,In-store shopping,·,In-store pick-up,·,Delivery,https://www.lenskart.com/stores/lenskart-com-Varthur-Seegahalli-Bengaluru-517571/Home,Website,"https://www.google.com/maps/dir//No+6,+C,+Lenskart.com+at+Seegahalli+Whitefield,+Bengaluru+(First+Lens+Replacement+Free),+Block+Green+Field+Hub,+Whitefield+-+Hoskote+Rd,+Seegehalli,+Whitefield,+Bengaluru,+Karnataka+560115/data=!4m6!4m5!1m1!4e2!1m2!1m1!1s0x3bae0f8f8b433e81:0x8dcfd31ff0208830?sa=X&ved=1t:57443&ictx=111"
"Lenskart.com at HSR 27th Main Road, Bengaluru (First Lens Replacement Free)",Optician,"Bengaluru, Karnataka · 095826 02889",· Closes 10 pm,Open,In-store shopping,·,In-store pick-up,·,Delivery,https://www.lenskart.com/stores/lenskart-com-hsr-27th-main-road-HSR-Layout-bengaluru-652628/Home,Website,"https://www.google.com/maps/dir//339,+HSR,+Lenskart.com+at+HSR+27th+Main+Road,+Bengaluru+(First+Lens+Replacement+Free),+27th+Main+Rd,+near+Kapoor+Cafe,+Sector+2,+HSR+Layout,+Bengaluru,+Karnataka+560102/data=!4m6!4m5!1m1!4e2!1m2!1m1!1s0x3bae15aa03b75f0d:0xfd2f14c851da3f6e?sa=X&ved=1t:57443&ictx=111"
"Lenskart.com at 80 Feet Road, Koramangala (First Lens Replacement Free)",Optician,"Bengaluru, Karnataka · 080 6235 8419",· Closes 9:30 pm,Open,In-store shopping,·,In-store pick-up,·,Delivery,https://www.lenskart.com/stores/lenskart-com-80-feet-road-koramangala-Koramangala-bengaluru-845734/Home,Website,"https://www.google.com/maps/dir//Lenskart.com+at+80+Feet+Road,+Koramangala+(First+Lens+Replacement+Free),+1A+Block,+80+Feet+Rd,+opposite+SBI+Bank,+SBI+Colony,+Koramangala,+Bengaluru,+Karnataka+560034/data=!4m6!4m5!1m1!4e2!1m2!1m1!1s0x3bae15d75901f115:0xf23e19152c47c0e6?sa=X&ved=1t:57443&ictx=111"
"Lenskart.com at Sanjay Nagar, Bengaluru (First Lens Replacement Free)",Optician,"Bengaluru, Karnataka · 074288 91199",· Closes 9:30 pm,Open,In-store shopping,·,In-store pick-up,·,Delivery,https://www.lenskart.com/stores/optometrist-sunglasses-Sanjay-Nagar-Bangalore-60941/Home,Website,"https://www.google.com/maps/dir//Lenskart.com+at+Sanjay+Nagar,+Bengaluru+(First+Lens+Replacement+Free),+Shop+No+1,+GMR+layout,D+Rajagopal+Road+Sanjay+Nagar+RMV+Hospital,+Geddalahalli,+Bengaluru,+Karnataka+560094/data=!4m6!4m5!1m1!4e2!1m2!1m1!1s0x3bae17c250f7258b:0x212bff94c58d20f1?sa=X&ved=1t:57443&ictx=111"
"Lenskart.com at Coles Road, Bengaluru (First Lens Replacement Free)",Optician,"Bengaluru, Karnataka · 095481 47148",· Closes 10 pm,Open,In-store shopping,·,In-store pick-up,·,Delivery,https://www.lenskart.com/stores/lenskart-com-Coles-Road-Pulikeshi-Nagar-Bengaluru-300245/Home,Website,"https://www.google.com/maps/dir//Ground+Floor,+Lenskart.com+at+Coles+Road,+Bengaluru+(First+Lens+Replacement+Free),+86%2F3,+Coles+Rd,+Cleveland+Town,+Pulikeshi+Nagar,+Bengaluru,+Karnataka+560005/data=!4m6!4m5!1m1!4e2!1m2!1m1!1s0x3bae1709d01b3491:0xbdd22d2e15432db9?sa=X&ved=1t:57443&ictx=111"
"Lenskart.com at Brigade Orion Uptown Mall, Bengaluru (First Lens Replacement Free)",Optician,"Bengaluru, Karnataka · 084477 28798",· Closes 10 pm,Open,In-store shopping,·,In-store pick-up,·,Delivery,https://www.lenskart.com/stores/lenskart-com-Brigade-Orion-Uptown-Mall-Hobli-Bengaluru-220316/Home,Website,"https://www.google.com/maps/dir//Lenskart.com+at+Brigade+Orion+Uptown+Mall,+Bengaluru+(First+Lens+Replacement+Free),+Unit+No108,+first+floor,+Brigade+Orion+Uptown+Mall+Huskur+Village,+Bidaarahalli,+Hobli,+East,+Taluk,+Bengaluru,+Karnataka+560049/data=!4m6!4m5!1m1!4e2!1m2!1m1!1s0x3bae0fe38756eca5:0x70db3624eb234cbb?sa=X&ved=1t:57443&ictx=111"
Lenskart.com at New Bel Road (First Lens Replacement Free),Optician,"Bengaluru, Karnataka · 073035 63564",· Closes 10 pm,Open,In-store shopping,·,In-store pick-up,·,Delivery,https://www.lenskart.com/stores/lenskart-com-New-Bel-Road-New-Bel-Road-Bengaluru-776433/Home,Website,"https://www.google.com/maps/dir//Lenskart.com+at+New+Bel+Road+(First+Lens+Replacement+Free),+No+004%2FB+Ground+Floor+New+BEL+Road,+next+to+Subway+New+BEL+Road,+Devasandra+Layout,+Bengaluru,+Karnataka+560094/data=!4m6!4m5!1m1!4e2!1m2!1m1!1s0x3bae17eea7f63ab3:0x16b5528e787964c7?sa=X&ved=1t:57443&ictx=111"
"Lenskart.com at Hulimavu, Bengaluru (First Lens Replacement Free)",Optician,"Bengaluru, Karnataka · 074288 91350",· Closes 9:30 pm,Open,In-store shopping,·,In-store pick-up,·,Delivery,https://www.lenskart.com/stores/optometrist-sunglasses-Hulimavu-Bangalore-63987/Home,Website,"https://www.google.com/maps/dir//Lenskart.com+at+Hulimavu,+Bengaluru+(First+Lens+Replacement+Free),+Ground+Floor,+No+5,+Dr,+MV+Road,+6th+Stage,+opposite+Nano+Hospital,+2nd+Block,+Aicobo+Nagar,+BTM+Layout,+Hulimavu,+Bengaluru,+Karnataka+560076/data=!4m6!4m5!1m1!4e2!1m2!1m1!1s0x3bae170b884ed58b:0x2686091e6c4706f0?sa=X&ved=1t:57443&ictx=111"
"Lenskart.com at Singasandra, Bengaluru (First Lens Replacement Free)",Optician,"Bengaluru, Karnataka · 089293 44659",· Closes 10 pm,Open,In-store shopping,·,In-store pick-up,·,Delivery,https://www.lenskart.com/stores/lenskart-com-Singasandra-Singasandra-Bengaluru-749117/Home,Website,"https://www.google.com/maps/dir//Lenskart.com+at+Singasandra,+Bengaluru+(First+Lens+Replacement+Free),+A-BLOCK,+AECS+Layout,+Singasandra,+Bengaluru,+Karnataka+560068/data=!4m6!4m5!1m1!4e2!1m2!1m1!1s0x3bae15b4a070de61:0x6aca6195f92064f4?sa=X&ved=1t:57443&ictx=111"
"Lenskart.com at Cox Town, Bengaluru (First Lens Replacement Free)",Optician,"Bengaluru, Karnataka · 089290 82316",· Closes 9:30 pm,Open,In-store shopping,·,In-store pick-up,·,Delivery,https://www.lenskart.com/stores/lenskart-com-Cox-Town-Doddakunte-circle-Cox-Town-Bangaluru-603952/Home,Website,"https://www.google.com/maps/dir//32,+Lenskart.com+at+Cox+Town,+Bengaluru+(First+Lens+Replacement+Free),+1,+Ramakrishnappa+Rd,+near+Yamaha+Service+Center,+Doddakunte+circle,+Cox+Town,+Bengaluru,+Karnataka+560005/data=!4m6!4m5!1m1!4e2!1m2!1m1!1s0x3bae1721ef079571:0x3d7fba861402ed12?sa=X&ved=1t:57443&ictx=111"
"Lenskart.com at Yeshwanthpur, Bengaluru (First Lens Replacement Free)",Optician,"Bengaluru, Karnataka · 095825 11370",· Closes 10 pm,Open,In-store shopping,·,In-store pick-up,·,Delivery,https://www.lenskart.com/stores/lenskart-com-yeshwanthpur-Yeswanthpur-bengaluru-484343/Home,Website,"https://www.google.com/maps/dir//2HF4,+5J6,+Lenskart.com+at+Yeshwanthpur,+Bengaluru+(First+Lens+Replacement+Free),+B+Narayanaswamappa+Rd,+K.+N.+Extension,+L+N+Colony,+Yeswanthpur,+Bengaluru,+Karnataka+560022/data=!4m6!4m5!1m1!4e2!1m2!1m1!1s0x3bae3dcb3b7d9efd:0x60ad47968aefc099?sa=X&ved=1t:57443&ictx=111"
"Lenskart.com at Maruthi Nagar, Benagluru (First Lens Replacement Free)",Optician,"Bengaluru, Karnataka · 096438 24565",· Closes 9 pm,Open,,,,,,https://www.lenskart.com/stores/lenskart-com-maruthi-nagar-BTM-Layout-bengaluru-972606/Home,Website,"https://www.google.com/maps/dir//Lenskart.com+at+Maruthi+Nagar,+Benagluru+(First+Lens+Replacement+Free),+Maruthi+Nagar+Main+Rd,+near+More+Supermarket,+Old+Madiwala,+Chikka+Madivala,+1st+Stage,+BTM+Layout,+Bengaluru,+Karnataka+560029/data=!4m6!4m5!1m1!4e2!1m2!1m1!1s0x3bae15459ba59ec9:0xe552dc4b1fc374f7?sa=X&ved=1t:57443&ictx=111"
"Lenskart.com at Heggannahalli, Bengaluru (First Lens Replacement Free)",Optician,"Bengaluru, Karnataka · 074288 90264",· Closes 9:30 pm,Open,,,,,,https://www.lenskart.com/stores/lenskart-com-Heggannahalli-Heggannahalli-Bengaluru-629191/Home,Website,"https://www.google.com/maps/dir//Lenskart.com+at+Heggannahalli,+Bengaluru+(First+Lens+Replacement+Free),+Opppsite+New+Udupi+Grand,+170,+Hegganahalli+Main+Rd,+Vishwaneedam+Post,+Peenya,+Bengaluru,+Karnataka+560091/data=!4m6!4m5!1m1!4e2!1m2!1m1!1s0x3bae3d2e031e8803:0x5523415ccd679702?sa=X&ved=1t:57443&ictx=111"
"Lenskart.com at T C Palya, Bengaluru (First Lens Replacement Free)",Optician,"Bengaluru, Karnataka · 074288 91259",· Closes 9:30 pm,Open,In-store shopping,·,In-store pick-up,·,Delivery,https://www.lenskart.com/stores/optometrist-sunglasses-K-R-Puram-Bangalore-60992/Home,Website,"https://www.google.com/maps/dir//Lenskart.com+at+T+C+Palya,+Bengaluru+(First+Lens+Replacement+Free),+Shop+No+11%2F2,+Lorven+Leo+Apartments,+Thambu+Chetty+Palya+Main+Rd,+near+Axis+Bank,+Krishnarajapuram,+Bengaluru,+Karnataka+560016/data=!4m6!4m5!1m1!4e2!1m2!1m1!1s0x3bae10fcac3a9265:0x874c9b08164bccb6?sa=X&ved=1t:57443&ictx=111"
Lenskart.com at AECS Layout (First Lens Replacement Free),Optician,"Bengaluru, Karnataka · 074288 91135",· Closes 10 pm,Open,In-store shopping,·,In-store pick-up,·,Delivery,https://www.lenskart.com/stores/optometrist-sunglasses-Kundanahalli-Bangalore-60882/Home,Website,"https://www.google.com/maps/dir//Lenskart.com+at+AECS+Layout+(First+Lens+Replacement+Free),+Shop+No+302,+AECS+Layout,+60+Feet+Rd,+next+to+AXIS+Bank,+near+Post+Office,+Kundalahalli,+Bengaluru,+Karnataka+560037/data=!4m6!4m5!1m1!4e2!1m2!1m1!1s0x3bae122500ab81ef:0xc3744024fb9c56ad?sa=X&ved=1t:57443&ictx=111"
"Lenskart.com at Ramamurthy Nagar, Bengaluru (First Lens Replacement Free)",Optician,"Bengaluru, Karnataka · 074288 90074",· Closes 9:30 pm,Open,In-store shopping,·,In-store pick-up,·,Delivery,https://www.lenskart.com/stores/optometrist-sunglasses-Ramamurthy-Nagar-Bangalore-61290/Home,Website,"https://www.google.com/maps/dir//Shop+No+3,+Lenskart.com+at+Ramamurthy+Nagar,+Bengaluru+(First+Lens+Replacement+Free),+Maruthi+Complex,+Police+Station,+Main+Road,+near+Ramamurthy+Nagara,+Ramamurthy+Nagar,+Bengaluru,+Karnataka+560016/data=!4m6!4m5!1m1!4e2!1m2!1m1!1s0x3bae11265bae2f81:0xee423a35da5ea1f6?sa=X&ved=1t:57443&ictx=111"
"Lenskart.com at Jalahalli, Bengaluru (First Lens Replacement Free)",Optician,"Bengaluru, Karnataka · 074288 91140",· Closes 9:30 pm,Open,In-store shopping,·,In-store pick-up,·,Delivery,https://www.lenskart.com/stores/optometrist-sunglasses-Jalahalli-Bangalore-60887/Home,Website,"https://www.google.com/maps/dir//Lenskart.com+at+Jalahalli,+Bengaluru+(First+Lens+Replacement+Free),+Shop+No+7+%26+8,+OMC+Shabari+Complex,+SM+Road,+Near,+Ayyappa+Temple+Road,+Opposite+CSI+Church,+Jalahalli,+Bengaluru,+Karnataka+560015/data=!4m6!4m5!1m1!4e2!1m2!1m1!1s0x3a27af074693d89b:0xf8265c66257a676b?sa=X&ved=1t:57443&ictx=111"
Lenskart.com at Mathikere (First Lens Replacement Free),Optician,"Bengaluru, Karnataka · 089291 21695",· Closes 9:30 pm,Open,In-store shopping,·,In-store pick-up,·,Delivery,https://www.lenskart.com/stores/lenskart-com-Mathikere-Mathikere-Bengaluru-635688/Home,Website,"https://www.google.com/maps/dir//Lenskart.com+at+Mathikere+(First+Lens+Replacement+Free),+Ujjini+Glitz,+17,+HMT+Main+Rd,+Mathikere,+Bengaluru,+Karnataka+560054/data=!4m6!4m5!1m1!4e2!1m2!1m1!1s0x3bae3d624f507c63:0x91db32ea3b04df2c?sa=X&ved=1t:57443&ictx=111"
Lenskart.com Flagship Store at Vidyaranyapura Road (First Lens Replacement Free),Optician,"Bengaluru, Karnataka · 074288 90144",· Closes 10 pm,Open,In-store shopping,·,In-store pick-up,·,Delivery,https://www.lenskart.com/stores/optometrist-sunglasses-Vidyaranyapura-Road-Bangalore-61138/Home,Website,"https://www.google.com/maps/dir//Lenskart.com+Flagship+Store+at+Vidyaranyapura+Road+(First+Lens+Replacement+Free),+1242,BEL+Layout+Vidyaranyapura+Road+Opposite+First+Block+Bus+Stop+Opposite+5th+Main+Road,+Bengaluru,+Karnataka+560097/data=!4m6!4m5!1m1!4e2!1m2!1m1!1s0x3bae22a42fc0155f:0xdcdd6e99308acfb4?sa=X&ved=1t:57443&ictx=111"
"Lenskart.com at Devarachikkana Halli, Bengaluru (First Lens Replacement Free)",Optician,"Bengaluru, Karnataka · 086453 22095",· Closes 9:30 pm,Open,In-store shopping,·,In-store pick-up,·,Delivery,https://stores.lenskart.com/lenskart-com-devarachikkana-halli-Hongasandra-bengaluru-447741/Home#book,Website,"https://www.google.com/maps/dir//Lenskart.com+at+Devarachikkana+Halli,+Bengaluru+(First+Lens+Replacement+Free),+Main+Road,+opposite+to+Mahadev+mobiles,+Kodichikknahalli,+Devarachiknahalli,+Hongasandra,+Bengaluru,+Karnataka+560068/data=!4m6!4m5!1m1!4e2!1m2!1m1!1s0x3bae159d34a63a2d:0x9a82cf5d643d9875?sa=X&ved=1t:57443&ictx=111"
"Lenskart.com at Horamavu, Bengaluru (First Lens Replacement Free)",Optician,"Bengaluru, Karnataka · 093193 67919",· Closes 9:30 pm,Open,In-store shopping,·,In-store pick-up,·,Delivery,https://www.lenskart.com/stores/lenskart-com-Horamavu-Horamavu-Bengaluru-209142/Home,Website,"https://www.google.com/maps/dir//Building+No+33,+Lenskart.com+at+Horamavu,+Bengaluru+(First+Lens+Replacement+Free),+Horamavu+Main+Rd,+opposite+Poorvika+Mobiles,+Banaswadi,+Bengaluru,+Karnataka+560113/data=!4m6!4m5!1m1!4e2!1m2!1m1!1s0x3bae11572c641d43:0x9255dfe949f581d7?sa=X&ved=1t:57443&ictx=111"
"Lenskart.com at Andrahalli, Bengaluru (First Lens Replacement Free)",Optician,"Bengaluru, Karnataka · 089293 27932",· Closes 10 pm,Open,In-store shopping,·,In-store pick-up,·,Delivery,https://www.lenskart.com/stores/lenskart-com-Andrahalli-Andrahalli-Bengaluru-544140/Home,Website,"https://www.google.com/maps/dir//Lenskart.com+at+Andrahalli,+Bengaluru+(First+Lens+Replacement+Free),+MD+complex,+Ground+Floor,+38,+Doddanna+Layout,+Andrahalli,+Bengaluru,+Karnataka+560091/data=!4m6!4m5!1m1!4e2!1m2!1m1!1s0x3bae3df88ddcbb39:0x50f9ba7415514a6a?sa=X&ved=1t:57443&ictx=111"
Lenskart.com at Hesarghatta (First Lens Replacement Free),Optician,"Bengaluru, Karnataka · 074288 91223",· Closes 9:30 pm,Open,,,,,,https://www.lenskart.com/stores/optometrist-sunglasses-Hesarghatta-Main-Road-Bangalore-60960/Home,Website,"https://www.google.com/maps/dir//Lenskart.com+at+Hesarghatta+(First+Lens+Replacement+Free),+Ground+Floor,+Sri+Lakshmi+Arcade+Hesarghatta+Main+Road,+Mantapa+Rd,+opp.+Ammajj+Kalyana,+Bengaluru,+Karnataka+560057/data=!4m6!4m5!1m1!4e2!1m2!1m1!1s0x3bae3cd3adc6fa27:0xde6b4d162bbf956f?sa=X&ved=1t:57443&ictx=111"
"Lenskart.com at Nagawara, Bengaluru (First Lens Replacement Free)",Optician,"Bengaluru, Karnataka · 084477 45515",· Closes 9:30 pm,Open,In-store shopping,·,In-store pick-up,·,Delivery,https://www.lenskart.com/stores/lenskart-com-Nagawara-Nagawara-Bengaluru-790603/Home,Website,"https://www.google.com/maps/dir//Lenskart.com+at+Nagawara,+Bengaluru+(First+Lens+Replacement+Free),+34,+Sy+No+39%2F1,+Vidyasagar+Bus+Stop,+Thanisandra+Road,+Opposite+Dhurudesh+Honda+showroom,+Main,+Post,+Dr+Shivaram+Karanth+Nagar,+Nagavara,+Bengaluru,+Karnataka+560077/data=!4m6!4m5!1m1!4e2!1m2!1m1!1s0x3bae19bfeae8337b:0xb2ff9adb0a4a215a?sa=X&ved=1t:57443&ictx=111"
"Lenskart.com at Hoodi Circle, Bengaluru (First Lens Replacement Free)",Optician,"Bengaluru, Karnataka · 084477 45874",· Closes 9:30 pm,Open,In-store shopping,·,In-store pick-up,·,Delivery,https://www.lenskart.com/stores/lenskart-com-Hoodi-Hoodi-Bengaluru-716040/Home,Website,"https://www.google.com/maps/dir//XPRC%2BJ3G+Lenskart.com+at+Hoodi+Circle,+Bengaluru+(First+Lens+Replacement+Free),+Rajapalya,+ITPL+Main+Rd,+Thigalarapalya,+Hoodi,+Bengaluru,+Karnataka+560048/data=!4m6!4m5!1m1!4e2!1m2!1m1!1s0x3bae11bf97ae27d9:0xe8a31bfef999ed03?sa=X&ved=1t:57443&ictx=111"
"Lenskart.com at Ramamurthy Nagar, Bengaluru (First Lens Replacement Free)",Optician,"Bengaluru, Karnataka · 093193 75299",· Closes 9:30 pm,Open,In-store pick-up,·,Delivery,,,https://www.lenskart.com/stores/lenskart-com-Ramamurthy-Nagar-Ramamurthy-Nagar-Bengaluru-659037/Home,Website,"https://www.google.com/maps/dir//Ground+Floor,+Lenskart.com+at+Ramamurthy+Nagar,+Bengaluru+(First+Lens+Replacement+Free),+Main+Rd,+Chinnappa+Layout,+Bovi+Colony,+Ramamurthy+Nagar,+Bengaluru,+Karnataka+560016/data=!4m6!4m5!1m1!4e2!1m2!1m1!1s0x3bae11d77e57856f:0x83dd7e611ee21937?sa=X&ved=1t:57443&ictx=111"
"Lenskart.com at Kaikondahalli, Bengaluru (First Lens Replacement Free)",Optician,"Bengaluru, Karnataka · 093117 73743",· Closes 9:30 pm,Open,In-store shopping,·,In-store pick-up,·,Delivery,https://www.lenskart.com/stores/lenskart-com-Kaikondahalli-Kaikondrahalli-Bengaluru-146152/Home,Website,"https://www.google.com/maps/dir//Lenskart.com+at+Kaikondahalli,+Bengaluru+(First+Lens+Replacement+Free),+Shop+7+%26+8,+SNo+19%2F10,+Chikkabellandur,+Road,+opposite+DMART,+Carmelaram,+Doddakannelli,+Bengaluru,+Karnataka+560035/data=!4m6!4m5!1m1!4e2!1m2!1m1!1s0x3bae13cabafada3f:0x74d7b8924dcc6bb3?sa=X&ved=1t:57443&ictx=111"
Lenskart.com at RMZ Galleria Mall (First Lens Replacement Free),Optician,"Bengaluru, Karnataka · 074288 91292",· Closes 10 pm,Open,In-store shopping,·,In-store pick-up,·,Delivery,https://www.lenskart.com/stores/optometrist-sunglasses-Ambedkar-Colony-Bangalore-61019/Home,Website,"https://www.google.com/maps/dir//Lower+Ground+Floor,+Lenskart.com+at+RMZ+Galleria+Mall+(First+Lens+Replacement+Free),+RMZ+Galleria+Mall,+opposite+Tanishq,+Ambedkar+Colony,+Bengaluru,+Karnataka+560064/data=!4m6!4m5!1m1!4e2!1m2!1m1!1s0x3bae19dc77c033bf:0xa6263635d1a406c5?sa=X&ved=1t:57443&ictx=111"
"Lens Kraaft bannerghatta rd, Gottigere",Optician,"Bengaluru, Karnataka · 063600 56253",· Closes 9 pm,Open,In-store pick-up,·,Delivery,,,,,"https://www.google.com/maps/dir//Lens+Kraaft+bannerghatta+rd,+Gottigere,+1,+Bus+stop,+47%2F47,+Bannerghatta+Rd,+Gottigere,+Bengaluru,+Karnataka+560083/data=!4m6!4m5!1m1!4e2!1m2!1m1!1s0x3bae6b005c2425bb:0x470a001d9767f688?sa=X&ved=1t:57443&ictx=111"
Lenskart.com at Forum Neighbourhood Mall (First Lens Replacement Free),Optician,"Bengaluru, Karnataka · 070424 01400",· Closes 10 pm,Open,In-store shopping,·,In-store pick-up,·,Delivery,https://www.lenskart.com/stores/lenskart-forum-neighbourhood-mall-optometrists-whitefield-bengaluru-68733/Home,Website,"https://www.google.com/maps/dir//Lenskart.com+at+Forum+Neighbourhood+Mall+(First+Lens+Replacement+Free),+The+Forum+Neighbourhood+Mall,+Unit+222,+Second,+Whitefield,+Bengaluru,+Karnataka+560066/data=!4m6!4m5!1m1!4e2!1m2!1m1!1s0x3bae0de192ebb807:0xe4813fbcea8b8c5a?sa=X&ved=1t:57443&ictx=111"
Lenskart.com Flagship Store at Doddakannahalli (First Lens Replacement Free),Optician,"Bengaluru, Karnataka · 096547 31294",· Closes 9:30 pm,Open,In-store shopping,·,In-store pick-up,·,Delivery,https://www.lenskart.com/stores/optometrist-sunglasses-Doddakannahalli-Bangalore-61021/Home,Website,"https://www.google.com/maps/dir//Shop+No+121%2F3,+Lenskart.com+Flagship+Store+at+Doddakannahalli+(First+Lens+Replacement+Free),+Supreme+Arcade,+Sarjapur+Main+Rd,+next+to+Indian+Oil+Petrol+Pump,+Doddakannelli,+Bengaluru,+Karnataka+560102/data=!4m6!4m5!1m1!4e2!1m2!1m1!1s0x3bae13e394d27917:0xa524327316506be1?sa=X&ved=1t:57443&ictx=111"
"Lenskart.com at Kothanur, Bengaluru (First Lens Replacement Free)",Optician,"Bengaluru, Karnataka · 089294 40588",· Closes 9:30 pm,Open,In-store shopping,·,In-store pick-up,·,Delivery,https://www.lenskart.com/stores/lenskart-com-Kothanur-Kothanur-Bengaluru-800071/Home,Website,"https://www.google.com/maps/dir//%231,+3J6X%2B6FC+Lenskart.com+at+Kothanur,+Bengaluru+(First+Lens+Replacement+Free),+2,+Hennur+Main+Rd,+near+Bharat+petroleum,+Kothanur,+Bengaluru,+Karnataka+560077/data=!4m6!4m5!1m1!4e2!1m2!1m1!1s0x3bae193be6e654bb:0x31483cd1f0ad20ad?sa=X&ved=1t:57443&ictx=111"
"Lenskart.com at Varthur Road, Bengaluru (First Lens Replacement Free)",Optician,"Bengaluru, Karnataka · 095826 01383",· Closes 9:30 pm,Open,In-store shopping,·,In-store pick-up,·,Delivery,https://www.lenskart.com/stores/lenskart-com-varthur-road-optometrists-ramagondanahalli-bengaluru-72953/Home,Website,"https://www.google.com/maps/dir//Lenskart.com+at+Varthur+Road,+Bengaluru+(First+Lens+Replacement+Free),+Shop+No+704,+Ground+Floor,+ASN+Signature,+Varthur+Main+Rd,+near+Laughing+Waters+Siddapura,+Ramagondanahalli,+Bengaluru,+Karnataka+560066/data=!4m6!4m5!1m1!4e2!1m2!1m1!1s0x3bae1322765cb7cd:0x427d305eaec50cce?sa=X&ved=1t:57443&ictx=111"
"Lenskart.com at Kasturi Nagar, Bengaluru (First Lens Replacement Free)",Optician,"Bengaluru, Karnataka · 095824 51747",· Closes 9:30 pm,Open,,,,,,https://www.lenskart.com/stores/lenskart-com-kasturi-nagar-Kasturi-Nagar-bengaluru-890599/Home,Website,"https://www.google.com/maps/dir//Ward+No+84,+Lenskart.com+at+Kasturi+Nagar,+Bengaluru+(First+Lens+Replacement+Free),+Ground+Floor,+2M-427,+NGEF+Layout,+2nd+G+Main+Rd,+B+Channasandra,+Kasturi+Nagar,+Bengaluru,+Karnataka+560043/data=!4m6!4m5!1m1!4e2!1m2!1m1!1s0x3bae11118c01bcb5:0xd66b2f9ed2638078?sa=X&ved=1t:57443&ictx=111"
"Lenskart.com at K R Puram, Bengaluru (First Lens Replacement Free)",Optician,"Bengaluru, Karnataka · 080 6235 8440",· Closes 9:30 pm,Open,In-store shopping,·,In-store pick-up,·,Delivery,https://www.lenskart.com/stores/lenskart-com-k-r-puram-bengaluru-Hobli-bengaluru-58333/Home,Website,"https://www.google.com/maps/dir//Lenskart.com+at+K+R+Puram,+Bengaluru+(First+Lens+Replacement+Free),+Krishnarajapuram+Village,+Old+Madras+Road,+Hobli,+KR+Puram,+Bengaluru,+Karnataka+560036/data=!4m6!4m5!1m1!4e2!1m2!1m1!1s0x3bae112937b3711b:0x7ae5d31a74fb7440?sa=X&ved=1t:57443&ictx=111"
"Lenskart.com at Hosa Road, Benagluru (First Lens Replacement Free)",Optician,"Bengaluru, Karnataka · 095825 96508",· Closes 9:30 pm,Open,In-store shopping,·,In-store pick-up,·,Delivery,https://www.lenskart.com/stores/lenskart-com-hosa-road-Hosa-Road-bengaluru-85014/Home,Website,"https://www.google.com/maps/dir//Lenskart.com+at+Hosa+Road,+Benagluru+(First+Lens+Replacement+Free),+Site+No+88+%26+89,+Parappana+Agrahara+Village,+Begur+Hobbli,+South+Taluk,+Hosa+Rd,+Meenakshi+Layout,+Bengaluru,+Karnataka+560100/data=!4m6!4m5!1m1!4e2!1m2!1m1!1s0x3bae134b41df0557:0xc772feda2ad1deea?sa=X&ved=1t:57443&ictx=111"
"Lenskart.com at Thubarahalli, Whitefield (First Lens Replacement Free)",Optician,"Bengaluru, Karnataka · 095826 48387",· Closes 9:30 pm,Open,In-store shopping,·,In-store pick-up,·,Delivery,https://stores.lenskart.com/lenskart-com-thubarahalli-whitefield-Whitefield-bengaluru-617093/Home#book,Website,"https://www.google.com/maps/dir//Lenskart.com+at+Thubarahalli,+Whitefield+(First+Lens+Replacement+Free),+Narayana+Layout,+Sri+Karni+Kuteer,+1,+Vibgyor+High+School+Rd,+Kumarapalli,+Thubarahalli,+Whitefield,+Bengaluru,+Karnataka+560066/data=!4m6!4m5!1m1!4e2!1m2!1m1!1s0x3bae1318f194ded3:0x4617be9b388ebd9e?sa=X&ved=1t:57443&ictx=111"
"Lenskart.com at Jakkur, Bengaluru (First Lens Replacement Free)",Optician,"Bengaluru, Karnataka · 089293 41208",· Closes 9:30 pm,Open,In-store shopping,·,In-store pick-up,·,Delivery,https://www.lenskart.com/stores/lenskart-com-Jakkur-Jakkur-Arkavathy-Layout-Bengaluru-284563/Home,Website,"https://www.google.com/maps/dir//Survey+No+98%2F3,+Lenskart.com+at+Jakkur,+Bengaluru+(First+Lens+Replacement+Free),+Plot+No+222,+7th+Block,+Jakkur+Rd,+next+to+Apollo+Pharmacy,+Arkavathy+Layout,+Bengaluru,+Karnataka+560064/data=!4m6!4m5!1m1!4e2!1m2!1m1!1s0x3bae156931162ad7:0xae7dc1cdf0d06673?sa=X&ved=1t:57443&ictx=111"
"Lenskart.com at Indranagar, Bengaluru (First Lens Replacement Free)",Optician,"Bengaluru, Karnataka · 080 4715 4460",· Closes 10 pm,Open,In-store pick-up,·,Delivery,,,https://www.lenskart.com/stores/lenskart-com-indranagar-bengaluru-Indiranagar-bengaluru-480506/Home,Website,"https://www.google.com/maps/dir//Property+No,+Lenskart.com+at+Indranagar,+Bengaluru+(First+Lens+Replacement+Free),+1134,+100+Feet+Rd,+opposite+Axis+Bank,+HAL+2nd+Stage,+Indiranagar,+Bengaluru,+Karnataka+560038/data=!4m6!4m5!1m1!4e2!1m2!1m1!1s0x3bae15bb5f036ced:0xc2ede50297952976?sa=X&ved=1t:57443&ictx=111"
"Lenskart.com at Bhuvaneswari Nagar, Hebbal (First Lens Replacement Free)",Optician,"Bengaluru, Karnataka · 073035 77578",· Closes 9:30 pm,Open,In-store shopping,·,In-store pick-up,·,Delivery,https://www.lenskart.com/stores/lenskart-com-Bhuvaneswari-Nagar-Hebbal-Bhuvaneshwari-Nagar-Hebbal-Bengaluru-920576/Home,Website,"https://www.google.com/maps/dir//Lenskart.com+at+Bhuvaneswari+Nagar,+Hebbal+(First+Lens+Replacement+Free),+Ground+Floor,+Siri+Square+26,+4th+A+Croos+Dasarahalli,+Dasarahalli+Main+Rd,+Bhuvaneswari+Nagar,+Hebbal,+Bengaluru,+Karnataka+560024/data=!4m6!4m5!1m1!4e2!1m2!1m1!1s0x3bae17fbf8ac72ed:0x7ff04244a2a6e575?sa=X&ved=1t:57443&ictx=111"
"Lenskart.com at Balagera Main Road, Bengaluru (First Lens Replacement Free)",Optician,"Bengaluru, Karnataka · 089295 97441",· Closes 9:30 pm,Open,In-store shopping,·,In-store pick-up,·,Delivery,https://stores.lenskart.com/lenskart-com-balagere-Balagera-bengaluru-235609/Home#book,Website,"https://www.google.com/maps/dir//Ward+No+149,+Lenskart.com+at+Balagera+Main+Road,+Bengaluru+(First+Lens+Replacement+Free),+Ground+Floor,+Old+Katha+No+290%2F31%2F2%2F02%2F02+New+No+31%2F2,+Balagera+Main+Road,+Varthutr,+Bengaluru,+Karnataka+560087/data=!4m6!4m5!1m1!4e2!1m2!1m1!1s0x3bae134543b8248b:0xcd4cc8969933543f?sa=X&ved=1t:57443&ictx=111"
Lenskart.com at Thammenahalli (First Lens Replacement Free),Optician,"Bengaluru, Karnataka · 084478 95934",· Closes 9:30 pm,Open,In-store shopping,·,In-store pick-up,·,Delivery,https://www.lenskart.com/stores/lenskart-com-Thammenahalli-Dassarahalli-Bengaluru-652781/Home,Website,"https://www.google.com/maps/dir//No+196,+Lenskart.com+at+Thammenahalli+(First+Lens+Replacement+Free),+60+Feet+Rd,+MEI+Layout,+T.+Dasarahalli,+Bengaluru,+Karnataka+560057/data=!4m6!4m5!1m1!4e2!1m2!1m1!1s0x3bae23ee5930df3f:0xcb3831203eeea935?sa=X&ved=1t:57443&ictx=111"
"Lenskart.com at Bagalur, Bengaluru (First Lens Replacement Free)",Optician,"Bengaluru, Karnataka · 085879 08848",· Closes 9:30 pm,Open,In-store shopping,·,In-store pick-up,·,Delivery,https://www.lenskart.com/stores/lenskart-com-Bagalur-Bagalur-Main-Road-Bengaluru-929458/Home,Website,"https://www.google.com/maps/dir//Lenskart.com+at+Bagalur,+Bengaluru+(First+Lens+Replacement+Free),+Ground+Floor,+2nd+Cross,+Bagalur+Main+Rd,+Vinayak+Nagar,+Kattigenahalli,+Bengaluru,+Karnataka+560064/data=!4m6!4m5!1m1!4e2!1m2!1m1!1s0x3bae1943a6be9d61:0xdff133a997a06544?sa=X&ved=1t:57443&ictx=111"
"Lenskart.com at Reva College, Sathanur, Bengaluru (First Lens Replacement Free)",Optician,"Sathanur, Bengaluru, Karnataka · 095826 12589",· Closes 9:30 pm,Open,In-store shopping,·,In-store pick-up,·,Delivery,https://www.lenskart.com/stores/lenskart-com-reva-college-sathanur-Sathanur-bengaluru-420251/Home,Website,"https://www.google.com/maps/dir//Sy+No+190-191,+Site+No+54%2F108,+Lenskart.com+at+Reva+College,+Sathanur,+Bengaluru+(First+Lens+Replacement+Free),+Chinna+Complex,+5,+Bagalur+Main+Rd,+near+Reva+College,+Niranthara+Layout,+Kattigenahalli,+Sathanur,+Bengaluru,+Karnataka+560064/data=!4m6!4m5!1m1!4e2!1m2!1m1!1s0x3bae19fb608bfba9:0xae8847d6b623709d?sa=X&ved=1t:57443&ictx=111"
"Lenskart.com at Ganganagar, Bengaluru (First Lens Replacement Free)",Optician,"Bengaluru, Karnataka · 080 4531 2357",· Closes 9:30 pm,Open,In-store shopping,·,In-store pick-up,·,Delivery,https://www.lenskart.com/stores/lenskart-com-ganganagar-bengaluru-Ganganagar-bengaluru-186409/Home,Website,"https://www.google.com/maps/dir//Lenskart.com+at+Ganganagar,+Bengaluru+(First+Lens+Replacement+Free),+7th+Cross,+2,+5th+Main+Rd,+KGH+Layout,+Ganganagar,+Bengaluru,+Karnataka+560032/data=!4m6!4m5!1m1!4e2!1m2!1m1!1s0x3bae17d63cc7e1e9:0xfede3197f256ab21?sa=X&ved=1t:57443&ictx=111"
Lenskart.com at Ayyappa Nagar (First Lens Replacement Free),Optician,"Bengaluru, Karnataka · 084482 21596",· Closes 9:30 pm,Open,In-store shopping,·,In-store pick-up,·,Delivery,https://www.lenskart.com/stores/lenskart-com-Ayyappa-Nagar-Ayyappa-Nagar-Bengaluru-915876/Home,Website,"https://www.google.com/maps/dir//Lenskart.com+at+Ayyappa+Nagar+(First+Lens+Replacement+Free),+2,+Gokul+Mansion,+Ayyappa+Nagar+-+Battarahalli+Rd,+opposite+Krishna+Community+Hall,+Hale+Devasandra,+Krishnarajapuram,+Bengaluru,+Karnataka+560036/data=!4m6!4m5!1m1!4e2!1m2!1m1!1s0x3bae115c4be226d9:0x4160382de932e63b?sa=X&ved=1t:57443&ictx=111"
"Lenskart.com at Panathur, Bengaluru (First Lens Replacement Free)",Optician,"Bengaluru, Karnataka · 080 4230 0981",· Closes 9:30 pm,Open,In-store shopping,·,In-store pick-up,·,Delivery,https://www.lenskart.com/stores/lenskart-com-panathur-bengaluru-Panathur-bengaluru-600465/Home,Website,"https://www.google.com/maps/dir//Lenskart.com+at+Panathur,+Bengaluru+(First+Lens+Replacement+Free),+82%2F3+Ground+Floor,+Dhanaswi+Tower,+Site+No+72,+Bhoganahalli+Road,+Cross,+Panathur+Main+Rd,+Kadubeesanahalli,+Panathur,+Bengaluru,+Karnataka+560087/data=!4m6!4m5!1m1!4e2!1m2!1m1!1s0x3bae130012c59dc7:0x27a3e38162b4b2e7?sa=X&ved=1t:57443&ictx=111"
"Lenskart.com at Babusapalya, Bangaluru (First Lens Replacement Free)",Optician,"Bengaluru, Karnataka · 089296 89741",· Closes 9:30 pm,Open,,,,,,https://stores.lenskart.com/lenskart-com-babusapalya-Hennur-Gardens-bengaluru-268431/Home#book,Website,"https://www.google.com/maps/dir//Lenskart.com+at+Babusapalya,+Bangaluru+(First+Lens+Replacement+Free),+17,+CNR+Layout+Main+Rd,+opposite+New+Udupi+Grand+Hotel,+Chikka+Nanjunda+Reddy+Layout,+Babusapalya,+Mallappa+Layout,+Hennur+Gardens,+Bengaluru,+Karnataka+560113/data=!4m6!4m5!1m1!4e2!1m2!1m1!1s0x3bae17c1e743749d:0x51ceca91c70a536b?sa=X&ved=1t:57443&ictx=111"
"Lenskart.com at Channasandra, Bengaluru (First Lens Replacement Free)",Optician,"Bengaluru, Karnataka · 098994 11217",· Closes 9:30 pm,Open,In-store shopping,·,In-store pick-up,·,Delivery,https://www.lenskart.com/stores/lenskart-com-channasandra-Channasandra-Main-Road-bengaluru-572738/Home,Website,"https://www.google.com/maps/dir//Lenskart.com+at+Channasandra,+Bengaluru+(First+Lens+Replacement+Free),+197%2F1,+Channasandra+Main+Rd,+AKG+Colony,+Bengaluru,+Karnataka+560067/data=!4m6!4m5!1m1!4e2!1m2!1m1!1s0x3bae0f5d1e7c640f:0xf920efd4bc6979ba?sa=X&ved=1t:57443&ictx=111"
"Lenskart.com at Kempapura, Bengaluru (First Lens Replacement Free)",Optician,"Bengaluru, Karnataka · 080 4230 0936",· Closes 9:30 pm,Open,In-store shopping,·,In-store pick-up,·,Delivery,https://www.lenskart.com/stores/lenskart-com-kempapura-bengaluru-Yelahanka-Hebbal-bengaluru-336536/Home,Website,"https://www.google.com/maps/dir//Lenskart.com+at+Kempapura,+Bengaluru+(First+Lens+Replacement+Free),+Kalra+Central+6%2F655%2F63,+2nd+Main+Road+Village+Kempapura,+58,+Yelahanka,+behind+Esteem+Mall,+Hebbal,+Bengaluru,+Karnataka+560024/data=!4m6!4m5!1m1!4e2!1m2!1m1!1s0x3bae175d2cd77161:0xa2d4623bd42debdb?sa=X&ved=1t:57443&ictx=111"
"Lenskart.com at Sarjapur Natura Walk, Bengaluru",Optician,"Bengaluru, Karnataka · 097119 84244",· Closes 9:30 pm,Open,,,,,,https://www.lenskart.com/stores/lenskart-com-sarjapur-natura-walk-Anekal-Taluk-bengaluru-985646/Home,Website,"https://www.google.com/maps/dir//Lenskart.com+at+Sarjapur+Natura+Walk,+Bengaluru,+Sy+No+46,+Yamare+Village,+Sarjapur+Hobli,+Anekal,+Taluk,+Urban,+Bengaluru,+Karnataka+562125/data=!4m6!4m5!1m1!4e2!1m2!1m1!1s0x3bae732329eee649:0x95c5f1b1d6ca4998?sa=X&ved=1t:57443&ictx=111"
Lenskart.com at Green Circle Vellore (First Lens Replacement Free),Optician,"Vellore, Tamil Nadu · 074288 90190",· Closes 9:30 pm,Open,In-store shopping,·,In-store pick-up,·,Delivery,https://www.lenskart.com/stores/optometrist-sunglasses-Katpadi-Vellore-61173/Home,Website,"https://www.google.com/maps/dir//Lenskart.com+at+Green+Circle+Vellore+(First+Lens+Replacement+Free),+Shop+No+1,+GDS+Complex,+Green+Circle+New+Katpadi+Road+opposite+New+Bus+Stand,+Katpadi,+Vellore,+Tamil+Nadu+632004/data=!4m6!4m5!1m1!4e2!1m2!1m1!1s0x3bad38bfaaaaec65:0x8b535608448134fd?sa=X&ved=1t:57443&ictx=111"
"Lenskart.com at Rajanukunte, Bengaluru",Optician,"Singanayakanahalli, Bengaluru, Karnataka · 086453 22093",· Closes 9:30 pm,Open,In-store shopping,·,In-store pick-up,·,Delivery,https://www.lenskart.com/stores/lenskart-com-rajankunte-bengaluru-Rajankunte-bengaluru-207150/Home,Website,"https://www.google.com/maps/dir//Site+No+2,+Lenskart.com+at+Rajanukunte,+Bengaluru,+Doddaballapura+Main+Rd,+Yelahanka,+Singanayakanahalli,+Bengaluru,+Karnataka+560119/data=!4m6!4m5!1m1!4e2!1m2!1m1!1s0x3bae1987559c2af3:0x840d2e2515f90dc7?sa=X&ved=1t:57443&ictx=111"
Lenskart.com at Salem (First Lens Replacement Free),Optician,"Salem, Tamil Nadu · 084477 31085",· Closes 9 pm,Open,In-store shopping,·,In-store pick-up,·,Delivery,https://www.lenskart.com/stores/lenskart-com-Salem-Salem-Salem-840041/Home,Website,"https://www.google.com/maps/dir//Lenskart.com+at+Salem+(First+Lens+Replacement+Free),+No+423,+Jaguar+Ammapalayam,+Junction+Main+Rd,+opposite+Sona+Salem+College,+Kasakaranur,+Salem,+Tamil+Nadu+636005/data=!4m6!4m5!1m1!4e2!1m2!1m1!1s0x3babf1ab48fc3389:0x1d9e02a81dd40164?sa=X&ved=1t:57443&ictx=111"
Optical Cart,Optician,"Bengaluru, Karnataka · 098803 21123",· 8:30 pm,Closes soon,In-store shopping,·,In-store pick-up,·,Delivery,,,"https://www.google.com/maps/dir//Optical+Cart,+282+bayanapalya+vajarahalli+metro+station+thalagattapura+pillor+number+236+thalagattapura+post,+Kanakapura+Main+Rd,+Bengaluru,+Karnataka+560109/data=!4m6!4m5!1m1!4e2!1m2!1m1!1s0x3bae1546d99d3491:0xe0d44129b101ecb7?sa=X&ved=1t:57443&ictx=111"
Permanently closed,Optician,"Bengaluru, Karnataka",· Closes 9:30 pm,Open,Delivery,,,,,,,"https://www.google.com/maps/dir//Permanently+closed,+SN+4C,+Velankani+Information+Sys+Pvt+Ltd+Gate+No+3+Tech+Park,+opposite+Velankani,+Electronic+City+Phase+I,+Bengaluru,+Karnataka+560100/data=!4m6!4m5!1m1!4e2!1m2!1m1!1s0x3bae6c9c58bb0881:0x3bebc53e84fec706?sa=X&ved=1t:57443&ictx=111"
Lens store,Optician,"Bengaluru, Karnataka · 098450 31268",· Closes 9:30 pm,Open,In-store shopping,·,Delivery,,,,,"https://www.google.com/maps/dir//Lens+store,+629,+Dr,+Siddhaiah+Puranik+Rd,+opposite+Golds+Gym,+3rd+Block,+3rd+Stage,+Basaveshwar+Nagar,+Bengaluru,+Karnataka+560079/data=!4m6!4m5!1m1!4e2!1m2!1m1!1s0x3bae3d1cc2eb967d:0x4e6d2793316dd5f2?sa=X&ved=1t:57443&ictx=111"
"Lenskart.com at Mettupalayam Road, Thudiyalur (First Lens Replacement Free)",Optician,"Thudiyalur, Tamil Nadu · 095826 71522",· Closes 9:30 pm,Open,In-store pick-up,·,Delivery,,,https://www.lenskart.com/stores/lenskart-com-Mayanz-Forum-Mettupalayam-Road-Thudiyalur-40694/Home,Website,"https://www.google.com/maps/dir//Building+No+27,+Lenskart.com+at+Mettupalayam+Road,+Thudiyalur+(First+Lens+Replacement+Free),+Mayanz+Forum,+Mettupalayam+Rd,+Thudiyalur,+Tamil+Nadu+641034/data=!4m6!4m5!1m1!4e2!1m2!1m1!1s0x3ba8f723a0a92d91:0x2af2f89210b44c7?sa=X&ved=1t:57443&ictx=111"
Lenskart.com at Karur Bus Stand,Optician,"Karur, Tamil Nadu · 080 4230 3653",· Closes 9:30 pm,Open,In-store shopping,·,In-store pick-up,·,Delivery,https://www.lenskart.com/stores/lenskart-com-karur-West-Pradakashanam-Road-karur-250869/Home,Website,"https://www.google.com/maps/dir//Lenskart.com+at+Karur+Bus+Stand,+ARR+Tower,+51,+Thinnappa+Theatre+Road,+opposite+Mini+Bus+Stand,+near+Hotel+Valluvar,+Karur,+Tamil+Nadu+639001/data=!4m6!4m5!1m1!4e2!1m2!1m1!1s0x3baa2f995dbf0fff:0x15f17b9828dfc501?sa=X&ved=1t:57443&ictx=111"
Lenskart.com at Karur Bus Stand,Optician,"Karur, Tamil Nadu · 080 4230 3653",· Closes 9:30 pm,Open,In-store shopping,·,In-store pick-up,·,Delivery,https://www.lenskart.com/stores/lenskart-com-karur-West-Pradakashanam-Road-karur-250869/Home,Website,"https://www.google.com/maps/dir//Lenskart.com+at+Karur+Bus+Stand,+ARR+Tower,+51,+Thinnappa+Theatre+Road,+opposite+Mini+Bus+Stand,+near+Hotel+Valluvar,+Karur,+Tamil+Nadu+639001/data=!4m6!4m5!1m1!4e2!1m2!1m1!1s0x3baa2f995dbf0fff:0x15f17b9828dfc501?sa=X&ved=1t:57443&ictx=111"
Lenskart HQ,Corporate office,"Gurugram, Haryana",,,On-site services,,,,,http://www.lenskart.com/,Website,"https://www.google.com/maps/dir//Ground+Floor,+Lenskart+HQ,+Vipul+Tech+Square,+Golf+Course+Rd,+Sector+42,+Gurugram,+Haryana+122009/data=!4m6!4m5!1m1!4e2!1m2!1m1!1s0x390d192dc5126477:0xb581ff4f8c4f9ad1?sa=X&ved=1t:57443&ictx=111"
ZEISS VISION EXPERT Race Course Road- Eyesense Opticians,Optician,"Bengaluru, Karnataka · 098442 05555",· Closes 9 pm,Open,In-store shopping,·,Kerbside pickup,·,Delivery,https://eyesense.in/,Website,"https://www.google.com/maps/dir//Ground+Floor,+ZEISS+VISION+EXPERT+Race+Course+Road-+Eyesense+Opticians,+Eyesense+Opticians,+Esteem+Arcade,+16,+Race+Course+Rd,+Madhava+Nagar,+Gandhi+Nagar,+Bengaluru,+Karnataka+560001/data=!4m6!4m5!1m1!4e2!1m2!1m1!1s0x3bae1788725e9f37:0x29f4d3ee4203f529?sa=X&ved=1t:57443&ictx=111"
Lenskart.com at Brough Road Erode,Optician,"Erode, Tamil Nadu · 080 4230 0985",· Closes 9:30 pm,Open,In-store shopping,·,In-store pick-up,·,Delivery,https://www.lenskart.com/stores/lenskart-com-brough-road-erode-Brough-Road-erode-827749/Home,Website,"https://www.google.com/maps/dir//Ward+27+%23+276,+Lenskart.com+at+Brough+Road+Erode,+Block+29,+Brough+Rd,+opposite+CSI+School,+Kapsa,+Erode,+Tamil+Nadu+638001/data=!4m6!4m5!1m1!4e2!1m2!1m1!1s0x3ba96f415d066b59:0x97524711c63f99fc?sa=X&ved=1t:57443&ictx=111"
Lenskart.com at Srinivas Nagar (First Lens Replacement Free),Optician,"Anantapur, Andhra Pradesh · 074288 90257",· Closes 9:30 pm,Open,In-store shopping,·,In-store pick-up,·,Delivery,https://www.lenskart.com/stores/optometrist-sunglasses-Srikamtam-Circle-Ananthapur-61237/Home,Website,"https://www.google.com/maps/dir//13-3-338+B,+ground+Floor,+Lenskart.com+at+Srinivas+Nagar+(First+Lens+Replacement+Free),+Amar+inn+Lodge,+Bus+Stand,+Main+Rd,+Anantapur,+Andhra+Pradesh+515005/data=!4m6!4m5!1m1!4e2!1m2!1m1!1s0x3bb14ada2fe35461:0x5868d45cd8307de6?sa=X&ved=1t:57443&ictx=111"
"Lenskart.com at BR Circle, Mandya (First Lens Replacement Free)",Optician,"Mandya, Karnataka · 098210 80315",· Closes 9 pm,Open,In-store shopping,·,In-store pick-up,·,Delivery,https://www.lenskart.com/stores/lenskart-com-mandya-optometrists-ashok-nagar-mandya-77743/Home,Website,"https://www.google.com/maps/dir//Ground+Floor,+Lenskart.com+at+BR+Circle,+Mandya+(First+Lens+Replacement+Free),+Amitratna+Complex,+100+Feet+Rd,+next+to+Vinayaka+Nursing+Home+BR+Circle,+Mandya,+Karnataka+571401/data=!4m6!4m5!1m1!4e2!1m2!1m1!1s0x3bafa1c06de39947:0x5b816310d9a68272?sa=X&ved=1t:57443&ictx=111"
Lenskart.com at Kumbakonam (First Lens Replacement Free),Optician,"Kumbakonam, Tamil Nadu · 085888 08414",· Closes 9:30 pm,Open,In-store shopping,·,In-store pick-up,·,Delivery,https://www.lenskart.com/stores/lenskart-com-Kumbakonam-Sannathi-Street-Kumbakonam-917929/Home,Website,"https://www.google.com/maps/dir//Lenskart.com+at+Kumbakonam+(First+Lens+Replacement+Free),+SD+Groups+No+9,+Someswarar,+Sannathi+St,+near+Utchipillaiyar+Kovil,+next+to+Utchi+Pillayar+Temple,+Kumbakonam,+Tamil+Nadu+612001/data=!4m6!4m5!1m1!4e2!1m2!1m1!1s0x3baacd8e3f771a4f:0x5c1e90a7c364e61b?sa=X&ved=1t:57443&ictx=111"
lenskart,Optician,"Hassan, Karnataka",· Closes 9 pm,Open,Delivery,,,,,,,"https://www.google.com/maps/dir//Ground+Floor+No,+lenskart,+198%2FA,+Hassan,+Karnataka+573201/data=!4m6!4m5!1m1!4e2!1m2!1m1!1s0x3ba549dbc5b96c55:0x6ec519e30f5c2e30?sa=X&ved=1t:57443&ictx=111"
Eye Land Opticians,Optician,"Bengaluru, Karnataka · 099454 95898",· Closes 9 pm,Open,,,,,,https://eyelandopticians.com/,Website,"https://www.google.com/maps/dir//Ground+Floor,+Eye+Land+Opticians,+No.488,+Chinmaya+Mission+Hospital+Rd,+next+to+Indian+Overseas+Bank,+Indiranagar,+Bengaluru,+Karnataka+560038/data=!4m6!4m5!1m1!4e2!1m2!1m1!1s0x3bae17998d8c6bd9:0xfb8e8aea2de3899d?sa=X&ved=1t:57443&ictx=111"
"Lenskart.com at Peramanur Main Road, Salem (First Lens Replacement Free)",Optician,"Salem, Tamil Nadu · 080 6235 8673",· Closes 9:30 pm,Open,In-store shopping,·,In-store pick-up,·,Delivery,https://www.lenskart.com/stores/lenskart-com-peramanur-main-road-salem-Taluk-salem-455365/Home,Website,"https://www.google.com/maps/dir//Lenskart.com+at+Peramanur+Main+Road,+Salem+(First+Lens+Replacement+Free),+Ground+Floor,+Ward+K,+Block+36+94A,+Peramanur+Main+Road,+Taluk,+Village+Periyari,+Salem,+Tamil+Nadu+636007/data=!4m6!4m5!1m1!4e2!1m2!1m1!1s0x3babf1b0f5ee1db7:0x6f9d0ed03823e6f8?sa=X&ved=1t:57443&ictx=111"
Lenskart.com at Krishnagiri,Optician,"Krishnagiri, Tamil Nadu · 080 4531 2307",· Closes 9:30 pm,Open,In-store shopping,·,In-store pick-up,·,Delivery,https://www.lenskart.com/stores/lenskart-com-krishnagiri-Poganapalli-krishnagiri-361333/Home,Website,"https://www.google.com/maps/dir//Ward+9,+Lenskart.com+at+Krishnagiri,+Village+Poganapalli,+218+A,+Bangalore+Rd,+opposite+Taluk+Office,+Krishnagiri,+Tamil+Nadu+635002/data=!4m6!4m5!1m1!4e2!1m2!1m1!1s0x3bac35995d7366c5:0xadb18234a56ecdc5?sa=X&ved=1t:57443&ictx=111"
Lenskart Solutions Private Limited,Corporate office,"Faridabad, Haryana · 099998 99998",,Temporarily closed,,,,,,http://lenskart.com/,Website,"https://www.google.com/maps/dir//Lenskart+Solutions+Private+Limited,+Pocket+B+Vatika+Mindscapes,+7th+Floor,+NH-19,+Sector+27,+Faridabad,+Haryana+121003/data=!4m6!4m5!1m1!4e2!1m2!1m1!1s0x390ce73b855acc05:0x3269c64f100ebb9e?sa=X&ved=1t:57443&ictx=111"
Lenskart Manufacturing Plant,Manufacturer,"Gurugram, Haryana",,Open 24 hours,,,,,,,,"https://www.google.com/maps/dir//Lenskart+Manufacturing+Plant,+Sector+74A,+Gurugram,+Haryana+122004/data=!4m6!4m5!1m1!4e2!1m2!1m1!1s0x390d3d5a838ff259:0x95145afef2c3e6e0?sa=X&ved=1t:57443&ictx=111"
